clonotype_id,frequency,proportion,cdr3s_aa,cdr3s_nt
clonotype1,1,0.1111111111111111,IGK:CQQRSNWYTF,IGK:TGTCAGCAGCGTAGCAACTGGTACACTTTT
clonotype2,1,0.1111111111111111,IGK:CQQRSNWPRTF,IGK:TGTCAGCAGCGTAGCAACTGGCCTCGGACTTTT
clonotype3,1,0.1111111111111111,IGH:CARGPNDAFDVW;IGK:CQQYARSPPWTF,IGH:TGTGCGAGAGGTCCTAATGATGCTTTTGATGTCTGG;IGK:TGTCAGCAGTACGCTAGGTCACCTCCGTGGACGTTC
clonotype4,1,0.1111111111111111,IGH:CATTTVVTPGYFDYW;IGK:CQQYYSIVPLTF,IGH:TGTGCGACGACTACGGTGGTAACTCCGGGGTACTTTGACTACTGG;IGK:TGTCAGCAATATTATAGTATTGTTCCCCTCACTTTC
clonotype5,1,0.1111111111111111,IGH:CAKAAMVRGVIDWYFDLW;IGK:CQQYYSYPPFTF,IGH:TGTGCGAAGGCAGCTATGGTTCGGGGAGTTATCGACTGGTACTTCGATCTCTGG;IGK:TGTCAACAGTATTATAGTTACCCTCCGTTCACTTTC
clonotype6,1,0.1111111111111111,IGH:CASGSSDRYSSGWYWGYFDYW;IGL:CQAWDSSTVVF,IGH:TGTGCGAGCGGTTCCTCGGACCGGTATAGCAGTGGCTGGTACTGGGGGTACTTTGACTACTGG;IGL:TGTCAGGCGTGGGACAGCAGCACTGTGGTATTC
clonotype7,1,0.1111111111111111,IGH:CARLGGYDSTFDYW;IGL:CSSYTSSSTYVF,IGH:TGTGCGAGACTGGGGGGCTATGATAGCACCTTTGACTACTGG;IGL:TGCAGCTCATATACAAGCAGCAGCACTTATGTCTTC
clonotype8,1,0.1111111111111111,IGH:CARSAESKTYWYDPW;IGK:CQQSYSTPQTF,IGH:TGTGCGAGATCGGCCGAGAGTAAGACCTACTGGTACGACCCCTGG;IGK:TGTCAACAGAGTTACAGTACCCCTCAGACGTTC
clonotype9,1,0.1111111111111111,IGH:CTRDLLVNWNDPGLISYYNSFDVW;IGK:CQQYYNSPRTF,IGH:TGTACGAGAGATCTTCTTGTTAACTGGAACGACCCCGGACTCATTTCCTACTACAACAGTTTCGACGTCTGG;IGK:TGTCAGCAATATTACAATTCTCCTCGAACGTTC
