GRCh38-2020-A-chr21,AAACCTGTCTTGAGAC-1
GRCh38-2020-A-chr21,AAACGGGGTTAAGACA-1
GRCh38-2020-A-chr21,AAAGATGAGTGGGATC-1
GRCh38-2020-A-chr21,AAAGATGGTGCACTTA-1
GRCh38-2020-A-chr21,AAAGCAACATACAGCT-1
GRCh38-2020-A-chr21,AAATGCCCACGAAAGC-1
GRCh38-2020-A-chr21,AACCATGGTTGACGTT-1
GRCh38-2020-A-chr21,AACGTTGTCGGTCCGA-1
GRCh38-2020-A-chr21,AACTCAGAGAGCTATA-1
GRCh38-2020-A-chr21,AACTCAGCAATCAGAA-1
GRCh38-2020-A-chr21,AACTCAGGTACCGGCT-1
GRCh38-2020-A-chr21,AACTCTTCATGCCCGA-1
GRCh38-2020-A-chr21,AACTTTCGTGAACCTT-1
GRCh38-2020-A-chr21,AAGACCTTCTCTGTCG-1
GRCh38-2020-A-chr21,AAGCCGCTCGGAGCAA-1
GRCh38-2020-A-chr21,AAGGAGCAGTCGAGTG-1
GRCh38-2020-A-chr21,AAGGAGCAGTTCGCAT-1
GRCh38-2020-A-chr21,AAGGTTCGTTGGACCC-1
GRCh38-2020-A-chr21,AAGGTTCGTTGGTAAA-1
GRCh38-2020-A-chr21,AATCGGTCAAGCCTAT-1
GRCh38-2020-A-chr21,AATCGGTCACAACTGT-1
GRCh38-2020-A-chr21,ACACCAACAGTAGAGC-1
GRCh38-2020-A-chr21,ACACCCTGTAAGTGTA-1
GRCh38-2020-A-chr21,ACACTGAAGAGCCCAA-1
GRCh38-2020-A-chr21,ACAGCTAGTGCCTTGG-1
GRCh38-2020-A-chr21,ACATACGCACGGCGTT-1
GRCh38-2020-A-chr21,ACATCAGAGAGTAATC-1
GRCh38-2020-A-chr21,ACATCAGCAGGCAGTA-1
GRCh38-2020-A-chr21,ACATGGTTCCATGAGT-1
GRCh38-2020-A-chr21,ACCGTAACACATGACT-1
GRCh38-2020-A-chr21,ACCTTTAAGTTACCCA-1
GRCh38-2020-A-chr21,ACGAGGACAACACCCG-1
GRCh38-2020-A-chr21,ACGATACAGGCCGAAT-1
GRCh38-2020-A-chr21,ACGATGTCAGCCTGTG-1
GRCh38-2020-A-chr21,ACGCAGCGTTCGAATC-1
GRCh38-2020-A-chr21,ACGCCAGAGCGTTGCC-1
GRCh38-2020-A-chr21,ACGCCAGCATGTAGTC-1
GRCh38-2020-A-chr21,ACGCCAGGTCCGAGTC-1
GRCh38-2020-A-chr21,ACGCCAGGTCTTGTCC-1
GRCh38-2020-A-chr21,ACGCCGAAGTTGTAGA-1
GRCh38-2020-A-chr21,ACGGGTCAGATTACCC-1
GRCh38-2020-A-chr21,ACGGGTCAGTTCGATC-1
GRCh38-2020-A-chr21,ACGGGTCCAATCCGAT-1
GRCh38-2020-A-chr21,ACGTCAAAGTTGAGTA-1
GRCh38-2020-A-chr21,ACGTCAAGTCTAACGT-1
GRCh38-2020-A-chr21,ACTATCTGTCCGTCAG-1
GRCh38-2020-A-chr21,ACTGAACAGATAGCAT-1
GRCh38-2020-A-chr21,ACTGAACAGTGTACGG-1
GRCh38-2020-A-chr21,ACTGAACCAAGTAATG-1
GRCh38-2020-A-chr21,ACTGAACGTTTAGCTG-1
GRCh38-2020-A-chr21,ACTGAGTCAATTGCTG-1
GRCh38-2020-A-chr21,ACTGAGTGTCCAGTTA-1
GRCh38-2020-A-chr21,ACTGATGAGGAGTCTG-1
GRCh38-2020-A-chr21,ACTGATGCAGCTCCGA-1
GRCh38-2020-A-chr21,ACTGCTCCATGAGCGA-1
GRCh38-2020-A-chr21,ACTTACTCACCTCGGA-1
GRCh38-2020-A-chr21,ACTTACTGTGGAAAGA-1
GRCh38-2020-A-chr21,ACTTGTTCACCCAGTG-1
GRCh38-2020-A-chr21,ACTTGTTCAGGATTGG-1
GRCh38-2020-A-chr21,AGAATAGGTTGTGGAG-1
GRCh38-2020-A-chr21,AGAGCGAAGAAGGTTT-1
GRCh38-2020-A-chr21,AGAGTGGGTAATCGTC-1
GRCh38-2020-A-chr21,AGATCTGGTAGCTGCC-1
GRCh38-2020-A-chr21,AGATCTGTCCACGAAT-1
GRCh38-2020-A-chr21,AGCGGTCCATGGGAAC-1
GRCh38-2020-A-chr21,AGCGTATAGCTGGAAC-1
GRCh38-2020-A-chr21,AGCGTATGTAAGTAGT-1
GRCh38-2020-A-chr21,AGCGTATGTCCGTCAG-1
GRCh38-2020-A-chr21,AGCTCCTCAAGGGTCA-1
GRCh38-2020-A-chr21,AGCTCTCGTGGCAAAC-1
GRCh38-2020-A-chr21,AGCTCTCGTGGTACAG-1
GRCh38-2020-A-chr21,AGCTTGAGTCACAAGG-1
GRCh38-2020-A-chr21,AGCTTGAGTGCGCTTG-1
GRCh38-2020-A-chr21,AGCTTGATCACAGGCC-1
GRCh38-2020-A-chr21,AGGCCACGTGTTAAGA-1
GRCh38-2020-A-chr21,AGGGAGTCAGTCACTA-1
GRCh38-2020-A-chr21,AGGGATGTCTAAGCCA-1
GRCh38-2020-A-chr21,AGGTCATCATGGGACA-1
GRCh38-2020-A-chr21,AGGTCATGTTGGTAAA-1
GRCh38-2020-A-chr21,AGGTCCGAGACAAAGG-1
GRCh38-2020-A-chr21,AGTGAGGTCAGGTTCA-1
GRCh38-2020-A-chr21,AGTGAGGTCATCACCC-1
GRCh38-2020-A-chr21,AGTGGGAAGACTAAGT-1
GRCh38-2020-A-chr21,AGTGTCATCGGAAACG-1
GRCh38-2020-A-chr21,AGTTGGTCACCAGGTC-1
GRCh38-2020-A-chr21,AGTTGGTGTCAGGACA-1
GRCh38-2020-A-chr21,AGTTGGTTCTTGTATC-1
GRCh38-2020-A-chr21,ATAACGCGTCTAGTCA-1
GRCh38-2020-A-chr21,ATAGACCAGCTATGCT-1
GRCh38-2020-A-chr21,ATAGACCTCTATCCTA-1
GRCh38-2020-A-chr21,ATCACGAAGACTTGAA-1
GRCh38-2020-A-chr21,ATCATCTTCAGAGACG-1
GRCh38-2020-A-chr21,ATCATGGCAAGGTTTC-1
GRCh38-2020-A-chr21,ATCATGGGTGTCGCTG-1
GRCh38-2020-A-chr21,ATCGAGTAGGTGATTA-1
GRCh38-2020-A-chr21,ATCGAGTCAGCAGTTT-1
GRCh38-2020-A-chr21,ATCGAGTCATCATCCC-1
GRCh38-2020-A-chr21,ATCGAGTCATGCCACG-1
GRCh38-2020-A-chr21,ATCTACTCAACACGCC-1
GRCh38-2020-A-chr21,ATGAGGGAGCTCCTTC-1
GRCh38-2020-A-chr21,ATGAGGGCACGGCCAT-1
GRCh38-2020-A-chr21,ATGAGGGTCAGGATCT-1
GRCh38-2020-A-chr21,ATGCGATAGATCCCGC-1
GRCh38-2020-A-chr21,ATGTGTGAGTATCTCG-1
GRCh38-2020-A-chr21,ATGTGTGCACCATGTA-1
GRCh38-2020-A-chr21,ATGTGTGCAGTAAGCG-1
GRCh38-2020-A-chr21,ATTCTACAGTGCCATT-1
GRCh38-2020-A-chr21,ATTGGACGTACTCAAC-1
GRCh38-2020-A-chr21,ATTGGTGGTTTACTCT-1
GRCh38-2020-A-chr21,ATTTCTGTCCGCATAA-1
GRCh38-2020-A-chr21,CAACCAAGTGTAACGG-1
GRCh38-2020-A-chr21,CAAGAAATCTCAACTT-1
GRCh38-2020-A-chr21,CAAGATCGTCTAGGTT-1
GRCh38-2020-A-chr21,CAAGGCCAGAAGGCCT-1
GRCh38-2020-A-chr21,CACAAACAGCGCCTTG-1
GRCh38-2020-A-chr21,CACACAAAGATAGCAT-1
GRCh38-2020-A-chr21,CACACAAAGGTGATAT-1
GRCh38-2020-A-chr21,CACAGGCGTGCAGTAG-1
GRCh38-2020-A-chr21,CACATAGGTATTCGTG-1
GRCh38-2020-A-chr21,CACATTTTCAGTACGT-1
GRCh38-2020-A-chr21,CACCACTCATCTGGTA-1
GRCh38-2020-A-chr21,CACCAGGGTTAGATGA-1
GRCh38-2020-A-chr21,CACCAGGTCGTTACGA-1
GRCh38-2020-A-chr21,CACCTTGGTAAGCACG-1
GRCh38-2020-A-chr21,CACTCCAAGTCAAGCG-1
GRCh38-2020-A-chr21,CAGAATCGTAAGTAGT-1
GRCh38-2020-A-chr21,CAGATCAGTGTGAATA-1
GRCh38-2020-A-chr21,CAGCAGCAGCGTCTAT-1
GRCh38-2020-A-chr21,CAGCAGCTCCACGAAT-1
GRCh38-2020-A-chr21,CAGCGACAGTCAATAG-1
GRCh38-2020-A-chr21,CAGCTAAAGCAATCTC-1
GRCh38-2020-A-chr21,CAGCTAACAATGGAAT-1
GRCh38-2020-A-chr21,CAGCTAAGTTAAGGGC-1
GRCh38-2020-A-chr21,CAGCTAATCACTTACT-1
GRCh38-2020-A-chr21,CAGGTGCCAGGAACGT-1
GRCh38-2020-A-chr21,CAGGTGCTCAGAGCTT-1
GRCh38-2020-A-chr21,CAGTAACGTCTGGTCG-1
GRCh38-2020-A-chr21,CAGTAACTCCGCGCAA-1
GRCh38-2020-A-chr21,CAGTCCTAGTTTGCGT-1
GRCh38-2020-A-chr21,CAGTCCTCATGGTAGG-1
GRCh38-2020-A-chr21,CATCAGATCCTGCTTG-1
GRCh38-2020-A-chr21,CATCGAAAGGCACATG-1
GRCh38-2020-A-chr21,CATCGAAGTCTCAACA-1
GRCh38-2020-A-chr21,CATCGGGCATAGGATA-1
GRCh38-2020-A-chr21,CATCGGGTCGAGAACG-1
GRCh38-2020-A-chr21,CATGACAAGCCACGTC-1
GRCh38-2020-A-chr21,CATGGCGCAAGGTGTG-1
GRCh38-2020-A-chr21,CATTATCAGGAGTACC-1
GRCh38-2020-A-chr21,CATTATCCAGTAAGAT-1
GRCh38-2020-A-chr21,CATTATCGTAGAAGGA-1
GRCh38-2020-A-chr21,CATTATCTCCTCAATT-1
GRCh38-2020-A-chr21,CATTCGCCAATAGAGT-1
GRCh38-2020-A-chr21,CATTCGCCATACTCTT-1
GRCh38-2020-A-chr21,CCAATCCCAATGGTCT-1
GRCh38-2020-A-chr21,CCACCTAGTGGGTATG-1
GRCh38-2020-A-chr21,CCACGGAAGGTCATCT-1
GRCh38-2020-A-chr21,CCACGGACAGCATACT-1
GRCh38-2020-A-chr21,CCACTACGTTGTACAC-1
GRCh38-2020-A-chr21,CCATGTCCACGACGAA-1
GRCh38-2020-A-chr21,CCATTCGAGGGTCGAT-1
GRCh38-2020-A-chr21,CCCAATCAGATGTCGG-1
GRCh38-2020-A-chr21,CCCAATCAGGACAGCT-1
GRCh38-2020-A-chr21,CCCAATCGTTCCATGA-1
GRCh38-2020-A-chr21,CCGGGATAGGTGACCA-1
GRCh38-2020-A-chr21,CCGGGATGTCCTCTTG-1
GRCh38-2020-A-chr21,CCGGTAGCATTTCACT-1
GRCh38-2020-A-chr21,CCGTGGAGTAAGAGGA-1
GRCh38-2020-A-chr21,CCGTTCAAGGGCTCTC-1
GRCh38-2020-A-chr21,CCGTTCATCCTTGGTC-1
GRCh38-2020-A-chr21,CCTAAAGAGCAGATCG-1
GRCh38-2020-A-chr21,CCTAAAGGTAGCTAAA-1
GRCh38-2020-A-chr21,CCTACCATCGTTACGA-1
GRCh38-2020-A-chr21,CCTCAGTCAACAACCT-1
GRCh38-2020-A-chr21,CCTTCCCGTACTTGAC-1
GRCh38-2020-A-chr21,CCTTCGAAGACGCTTT-1
GRCh38-2020-A-chr21,CCTTCGATCTCATTCA-1
GRCh38-2020-A-chr21,CGAATGTAGCCAACAG-1
GRCh38-2020-A-chr21,CGACCTTTCCATGAGT-1
GRCh38-2020-A-chr21,CGACTTCAGAAGATTC-1
GRCh38-2020-A-chr21,CGAGAAGCACCTCGGA-1
GRCh38-2020-A-chr21,CGAGCACCATCTCCCA-1
GRCh38-2020-A-chr21,CGAGCCATCATCTGCC-1
GRCh38-2020-A-chr21,CGATGTAGTACTTCTT-1
GRCh38-2020-A-chr21,CGATGTAGTTAAGGGC-1
GRCh38-2020-A-chr21,CGATGTAGTTGCGTTA-1
GRCh38-2020-A-chr21,CGATTGAGTAAAGTCA-1
GRCh38-2020-A-chr21,CGATTGAGTTGGAGGT-1
GRCh38-2020-A-chr21,CGCGGTATCCTTTACA-1
GRCh38-2020-A-chr21,CGCTATCTCGCTTAGA-1
GRCh38-2020-A-chr21,CGCTGGAGTGAGCGAT-1
GRCh38-2020-A-chr21,CGCTGGATCCAACCAA-1
GRCh38-2020-A-chr21,CGGACGTAGCTAAACA-1
GRCh38-2020-A-chr21,CGGACGTAGTGGGCTA-1
GRCh38-2020-A-chr21,CGGAGTCTCATGTAGC-1
GRCh38-2020-A-chr21,CGGCTAGCAGGAATCG-1
GRCh38-2020-A-chr21,CGGGTCATCCCGGATG-1
GRCh38-2020-A-chr21,CGGTTAAAGAGCTTCT-1
GRCh38-2020-A-chr21,CGTAGGCAGGTCATCT-1
GRCh38-2020-A-chr21,CGTAGGCGTTCAGTAC-1
GRCh38-2020-A-chr21,CGTAGGCTCGGAGGTA-1
GRCh38-2020-A-chr21,CGTCACTAGGGCATGT-1
GRCh38-2020-A-chr21,CGTCCATTCTAACTGG-1
GRCh38-2020-A-chr21,CGTGAGCGTGAGTGAC-1
GRCh38-2020-A-chr21,CGTGTCTCAGGAATCG-1
GRCh38-2020-A-chr21,CGTTAGATCGGAGCAA-1
GRCh38-2020-A-chr21,CGTTCTGAGGATATAC-1
GRCh38-2020-A-chr21,CGTTCTGAGGTGCAAC-1
GRCh38-2020-A-chr21,CGTTCTGTCGATAGAA-1
GRCh38-2020-A-chr21,CTAATGGAGGAGTTTA-1
GRCh38-2020-A-chr21,CTAATGGAGGGAACGG-1
GRCh38-2020-A-chr21,CTAATGGCAGGCAGTA-1
GRCh38-2020-A-chr21,CTACACCCACCTTGTC-1
GRCh38-2020-A-chr21,CTAGAGTAGCTGTTCA-1
GRCh38-2020-A-chr21,CTAGAGTTCAGTTCGA-1
GRCh38-2020-A-chr21,CTCACACAGGTAGCCA-1
GRCh38-2020-A-chr21,CTCATTACACATCCGG-1
GRCh38-2020-A-chr21,CTCCTAGAGATGAGAG-1
GRCh38-2020-A-chr21,CTCCTAGGTCGGCATC-1
GRCh38-2020-A-chr21,CTCGAAAGTTCTGGTA-1
GRCh38-2020-A-chr21,CTCGAGGAGACTTTCG-1
GRCh38-2020-A-chr21,CTCGAGGTCAAAGTAG-1
GRCh38-2020-A-chr21,CTCGGAGCACCCATGG-1
GRCh38-2020-A-chr21,CTCGGGACAACACGCC-1
GRCh38-2020-A-chr21,CTCGGGACAACGCACC-1
GRCh38-2020-A-chr21,CTCGTACTCCTCTAGC-1
GRCh38-2020-A-chr21,CTCTGGTCACTCGACG-1
GRCh38-2020-A-chr21,CTCTGGTCATGTAAGA-1
GRCh38-2020-A-chr21,CTCTGGTGTCAGGACA-1
GRCh38-2020-A-chr21,CTGAAGTTCGCATGAT-1
GRCh38-2020-A-chr21,CTGATCCCAGACGTAG-1
GRCh38-2020-A-chr21,CTGATCCCAGCTGGCT-1
GRCh38-2020-A-chr21,CTGCTGTGTGATGTCT-1
GRCh38-2020-A-chr21,CTGGTCTGTAGCTAAA-1
GRCh38-2020-A-chr21,CTTAACTTCCTTTCTC-1
GRCh38-2020-A-chr21,CTTACCGAGTCGATAA-1
GRCh38-2020-A-chr21,CTTCTCTGTATGAATG-1
GRCh38-2020-A-chr21,CTTGGCTAGGCAAAGA-1
GRCh38-2020-A-chr21,CTTGGCTGTTACCGAT-1
GRCh38-2020-A-chr21,GAAACTCCACACATGT-1
GRCh38-2020-A-chr21,GAAATGATCATTTGGG-1
GRCh38-2020-A-chr21,GAACATCAGATGTTAG-1
GRCh38-2020-A-chr21,GAACCTAAGGCCCGTT-1
GRCh38-2020-A-chr21,GAACCTAGTATATGAG-1
GRCh38-2020-A-chr21,GAACCTATCATGTAGC-1
GRCh38-2020-A-chr21,GAACCTATCCTCATTA-1
GRCh38-2020-A-chr21,GAACGGACAGTAAGAT-1
GRCh38-2020-A-chr21,GAAGCAGAGAAGATTC-1
GRCh38-2020-A-chr21,GAAGCAGTCATCATTC-1
GRCh38-2020-A-chr21,GAATAAGAGTGCGATG-1
GRCh38-2020-A-chr21,GAATGAACACAAGCCC-1
GRCh38-2020-A-chr21,GACCAATTCTGGTGTA-1
GRCh38-2020-A-chr21,GACCTGGGTCACCTAA-1
GRCh38-2020-A-chr21,GACGTGCAGAGCAATT-1
GRCh38-2020-A-chr21,GACGTTAAGTTCGCAT-1
GRCh38-2020-A-chr21,GACGTTACACTGAAGG-1
GRCh38-2020-A-chr21,GACGTTACAGCTATTG-1
GRCh38-2020-A-chr21,GACGTTAGTAATTGGA-1
GRCh38-2020-A-chr21,GACTACAGTGTGACCC-1
GRCh38-2020-A-chr21,GACTACATCGTGGACC-1
GRCh38-2020-A-chr21,GACTGCGGTAAGGGAA-1
GRCh38-2020-A-chr21,GAGTCCGGTAAGGGCT-1
GRCh38-2020-A-chr21,GATCAGTAGACAGACC-1
GRCh38-2020-A-chr21,GATCGATAGGAATTAC-1
GRCh38-2020-A-chr21,GATCGCGAGAAGGACA-1
GRCh38-2020-A-chr21,GATCTAGAGTACGATA-1
GRCh38-2020-A-chr21,GATGAGGCAAGTACCT-1
GRCh38-2020-A-chr21,GATGAGGGTGAGTGAC-1
GRCh38-2020-A-chr21,GATGAGGGTTAGATGA-1
GRCh38-2020-A-chr21,GATGCTACAGGTCCAC-1
GRCh38-2020-A-chr21,GATGCTACATTGTGCA-1
GRCh38-2020-A-chr21,GATTCAGTCACGACTA-1
GRCh38-2020-A-chr21,GATTCAGTCCTAGTGA-1
GRCh38-2020-A-chr21,GCAATCACAGCTATTG-1
GRCh38-2020-A-chr21,GCATACAGTAGAAGGA-1
GRCh38-2020-A-chr21,GCGACCATCCAAAGTC-1
GRCh38-2020-A-chr21,GCGAGAAGTACTCGCG-1
GRCh38-2020-A-chr21,GCGAGAATCAGCTCTC-1
GRCh38-2020-A-chr21,GCGCAACGTTCCGGCA-1
GRCh38-2020-A-chr21,GCGCAGTGTCACTGGC-1
GRCh38-2020-A-chr21,GCGCGATAGTGAACAT-1
GRCh38-2020-A-chr21,GCTCCTATCGTTTAGG-1
GRCh38-2020-A-chr21,GCTGCGATCATGTGGT-1
GRCh38-2020-A-chr21,GCTGCGATCGGCCGAT-1
GRCh38-2020-A-chr21,GCTGCTTCAGTGGGAT-1
GRCh38-2020-A-chr21,GCTGGGTTCACGACTA-1
GRCh38-2020-A-chr21,GCTGGGTTCATGGTCA-1
GRCh38-2020-A-chr21,GCTTCCAAGTCAATAG-1
GRCh38-2020-A-chr21,GCTTCCAGTACGACCC-1
GRCh38-2020-A-chr21,GCTTGAAGTCACCCAG-1
GRCh38-2020-A-chr21,GGAACTTAGCGATCCC-1
GRCh38-2020-A-chr21,GGAATAAAGAGCCCAA-1
GRCh38-2020-A-chr21,GGAATAACAAGGACAC-1
GRCh38-2020-A-chr21,GGAATAATCACCTTAT-1
GRCh38-2020-A-chr21,GGACAAGGTGTCAATC-1
GRCh38-2020-A-chr21,GGACAGAGTAAGGGAA-1
GRCh38-2020-A-chr21,GGACAGAGTATAAACG-1
GRCh38-2020-A-chr21,GGACGTCCACGACTCG-1
GRCh38-2020-A-chr21,GGACGTCGTAAGGGCT-1
GRCh38-2020-A-chr21,GGACGTCTCAACCAAC-1
GRCh38-2020-A-chr21,GGACGTCTCTAACTGG-1
GRCh38-2020-A-chr21,GGAGCAACAGACACTT-1
GRCh38-2020-A-chr21,GGAGCAAGTTCCTCCA-1
GRCh38-2020-A-chr21,GGATGTTTCCTTTCGG-1
GRCh38-2020-A-chr21,GGATTACTCACGACTA-1
GRCh38-2020-A-chr21,GGCAATTCACTACAGT-1
GRCh38-2020-A-chr21,GGCAATTTCTTCGGTC-1
GRCh38-2020-A-chr21,GGCCGATGTTTGTTGG-1
GRCh38-2020-A-chr21,GGCTCGACAGCTTAAC-1
GRCh38-2020-A-chr21,GGGACCTCATCCCATC-1
GRCh38-2020-A-chr21,GGGATGAAGTCGTTTG-1
GRCh38-2020-A-chr21,GGGCACTAGCTAGCCC-1
GRCh38-2020-A-chr21,GGGCACTAGTCACGCC-1
GRCh38-2020-A-chr21,GGGCATCGTAGTGAAT-1
GRCh38-2020-A-chr21,GGGTCTGCATCATCCC-1
GRCh38-2020-A-chr21,GGGTCTGCATGAGCGA-1
GRCh38-2020-A-chr21,GGTATTGCAAGCCTAT-1
GRCh38-2020-A-chr21,GGTGAAGCAGCTGCAC-1
GRCh38-2020-A-chr21,GGTGCGTCAGTGGAGT-1
GRCh38-2020-A-chr21,GGTGTTAGTGTCGCTG-1
GRCh38-2020-A-chr21,GGTGTTATCAGAGACG-1
GRCh38-2020-A-chr21,GGTGTTATCAGCTCTC-1
GRCh38-2020-A-chr21,GTAACGTAGCAGGTCA-1
GRCh38-2020-A-chr21,GTAACGTCATCCGGGT-1
GRCh38-2020-A-chr21,GTAACGTCATTGGCGC-1
GRCh38-2020-A-chr21,GTACGTAGTTAGAACA-1
GRCh38-2020-A-chr21,GTACTTTAGCTCAACT-1
GRCh38-2020-A-chr21,GTACTTTTCTGCTGTC-1
GRCh38-2020-A-chr21,GTAGGCCGTTACGACT-1
GRCh38-2020-A-chr21,GTAGTCAGTATATGGA-1
GRCh38-2020-A-chr21,GTATTCTCAGACTCGC-1
GRCh38-2020-A-chr21,GTCAAGTTCCGCATCT-1
GRCh38-2020-A-chr21,GTCAAGTTCTCAAACG-1
GRCh38-2020-A-chr21,GTCACGGGTAGCTAAA-1
GRCh38-2020-A-chr21,GTCGGGTCATGCCCGA-1
GRCh38-2020-A-chr21,GTCGGGTTCGAGAGCA-1
GRCh38-2020-A-chr21,GTCGTAAAGGCGTACA-1
GRCh38-2020-A-chr21,GTGAAGGAGTGACTCT-1
GRCh38-2020-A-chr21,GTGCAGCCAGTAAGAT-1
GRCh38-2020-A-chr21,GTGCAGCTCAGAGACG-1
GRCh38-2020-A-chr21,GTGCGGTTCGACGGAA-1
GRCh38-2020-A-chr21,GTGGGTCCATGACGGA-1
GRCh38-2020-A-chr21,GTGGGTCCATGCTGGC-1
GRCh38-2020-A-chr21,GTGGGTCTCCACGCAG-1
GRCh38-2020-A-chr21,GTGTGCGTCGCCATAA-1
GRCh38-2020-A-chr21,GTGTTAGGTATGGTTC-1
GRCh38-2020-A-chr21,GTGTTAGTCTTCGGTC-1
GRCh38-2020-A-chr21,GTTAAGCAGTTGAGTA-1
GRCh38-2020-A-chr21,GTTAAGCCACCACGTG-1
GRCh38-2020-A-chr21,GTTAAGCCAGTAACGG-1
GRCh38-2020-A-chr21,GTTAAGCTCGCCGTGA-1
GRCh38-2020-A-chr21,GTTCATTTCGCTAGCG-1
GRCh38-2020-A-chr21,GTTCGGGGTGACTACT-1
GRCh38-2020-A-chr21,GTTCTCGTCTACCAGA-1
GRCh38-2020-A-chr21,GTTTCTAGTGCACCAC-1
GRCh38-2020-A-chr21,TAAACCGCACCGAATT-1
GRCh38-2020-A-chr21,TACACGACACGGATAG-1
GRCh38-2020-A-chr21,TACCTATTCACATACG-1
GRCh38-2020-A-chr21,TACGGGCAGGACACCA-1
GRCh38-2020-A-chr21,TACGGTAGTTTGGCGC-1
GRCh38-2020-A-chr21,TACTCATAGTGAAGAG-1
GRCh38-2020-A-chr21,TACTCATTCATCGGAT-1
GRCh38-2020-A-chr21,TACTCATTCTGCCAGG-1
GRCh38-2020-A-chr21,TACTCGCCAGGTGGAT-1
GRCh38-2020-A-chr21,TACTCGCTCATGTCTT-1
GRCh38-2020-A-chr21,TACTTACAGTTCGCGC-1
GRCh38-2020-A-chr21,TACTTACCAAAGGTGC-1
GRCh38-2020-A-chr21,TACTTGTAGGTAAACT-1
GRCh38-2020-A-chr21,TATCTCACACCATCCT-1
GRCh38-2020-A-chr21,TATGCCCAGGTGCTTT-1
GRCh38-2020-A-chr21,TATGCCCAGTAGGTGC-1
GRCh38-2020-A-chr21,TATGCCCCAATAGCGG-1
GRCh38-2020-A-chr21,TATGCCCGTCCGAAGA-1
GRCh38-2020-A-chr21,TCAACGATCCGTACAA-1
GRCh38-2020-A-chr21,TCAATCTTCCCAGGTG-1
GRCh38-2020-A-chr21,TCACAAGAGATTACCC-1
GRCh38-2020-A-chr21,TCAGATGCATACGCCG-1
GRCh38-2020-A-chr21,TCAGCAAGTAGGGACT-1
GRCh38-2020-A-chr21,TCAGCAATCTGATACG-1
GRCh38-2020-A-chr21,TCAGCTCAGGCCCTTG-1
GRCh38-2020-A-chr21,TCAGCTCAGTATCTCG-1
GRCh38-2020-A-chr21,TCATTACAGCTGATAA-1
GRCh38-2020-A-chr21,TCATTACGTTCCACTC-1
GRCh38-2020-A-chr21,TCATTACTCTAACGGT-1
GRCh38-2020-A-chr21,TCATTTGTCCGTTGCT-1
GRCh38-2020-A-chr21,TCCCGATCATGCCTTC-1
GRCh38-2020-A-chr21,TCGAGGCCAATAGAGT-1
GRCh38-2020-A-chr21,TCGAGGCTCAACGGGA-1
GRCh38-2020-A-chr21,TCGAGGCTCTCTGTCG-1
GRCh38-2020-A-chr21,TCGCGAGAGTGAAGAG-1
GRCh38-2020-A-chr21,TCGCGAGTCGACAGCC-1
GRCh38-2020-A-chr21,TCGCGTTAGACTACAA-1
GRCh38-2020-A-chr21,TCGCGTTCACTTGGAT-1
GRCh38-2020-A-chr21,TCGGTAACATTGGGCC-1
GRCh38-2020-A-chr21,TCTCTAAGTCTCCACT-1
GRCh38-2020-A-chr21,TCTCTAATCTACTCAT-1
GRCh38-2020-A-chr21,TCTGAGACAAGCCGCT-1
GRCh38-2020-A-chr21,TCTGGAATCCGTTGCT-1
GRCh38-2020-A-chr21,TGACAACAGTGTTTGC-1
GRCh38-2020-A-chr21,TGACTTTAGCCTATGT-1
GRCh38-2020-A-chr21,TGAGCATGTCAGCTAT-1
GRCh38-2020-A-chr21,TGAGCCGTCTCTGTCG-1
GRCh38-2020-A-chr21,TGAGGGAAGAGTAATC-1
GRCh38-2020-A-chr21,TGCACCTAGCCGATTT-1
GRCh38-2020-A-chr21,TGCACCTGTCGCCATG-1
GRCh38-2020-A-chr21,TGCACCTTCACCTTAT-1
GRCh38-2020-A-chr21,TGCACCTTCAGATAAG-1
GRCh38-2020-A-chr21,TGCCAAACACTGTTAG-1
GRCh38-2020-A-chr21,TGCCAAAGTGCCTTGG-1
GRCh38-2020-A-chr21,TGCCCATCAGACTCGC-1
GRCh38-2020-A-chr21,TGCCCTAAGGCTCATT-1
GRCh38-2020-A-chr21,TGCCCTATCCAATGGT-1
GRCh38-2020-A-chr21,TGCGCAGGTAGGGACT-1
GRCh38-2020-A-chr21,TGCGCAGGTGAAGGCT-1
GRCh38-2020-A-chr21,TGCGGGTCAAGCTGTT-1
GRCh38-2020-A-chr21,TGCGGGTCAAGTTGTC-1
GRCh38-2020-A-chr21,TGGACGCTCCCGGATG-1
GRCh38-2020-A-chr21,TGGCCAGCACTGTGTA-1
GRCh38-2020-A-chr21,TGGGAAGCAAGCCATT-1
GRCh38-2020-A-chr21,TGGGCGTTCAAAGACA-1
GRCh38-2020-A-chr21,TGGGCGTTCATATCGG-1
GRCh38-2020-A-chr21,TGTATTCGTAAGTTCC-1
GRCh38-2020-A-chr21,TGTATTCTCTGACCTC-1
GRCh38-2020-A-chr21,TGTGTTTAGCTGAAAT-1
GRCh38-2020-A-chr21,TGTGTTTTCGGAGGTA-1
GRCh38-2020-A-chr21,TGTTCCGGTATAAACG-1
GRCh38-2020-A-chr21,TGTTCCGGTGACTCAT-1
GRCh38-2020-A-chr21,TGTTCCGTCGGCCGAT-1
GRCh38-2020-A-chr21,TTAACTCGTACAGTTC-1
GRCh38-2020-A-chr21,TTAGGACGTAACGACG-1
GRCh38-2020-A-chr21,TTAGGCAGTTAAGAAC-1
GRCh38-2020-A-chr21,TTAGTTCAGCCAGAAC-1
GRCh38-2020-A-chr21,TTAGTTCCATCGATGT-1
GRCh38-2020-A-chr21,TTAGTTCTCATGTGGT-1
GRCh38-2020-A-chr21,TTCGAAGTCCGGCACA-1
GRCh38-2020-A-chr21,TTCGGTCCAAAGGCGT-1
GRCh38-2020-A-chr21,TTCTCAACAGATTGCT-1
GRCh38-2020-A-chr21,TTCTCCTGTCTAGGTT-1
GRCh38-2020-A-chr21,TTGACTTCAAGCTGAG-1
GRCh38-2020-A-chr21,TTTATGCAGCTAGTTC-1
GRCh38-2020-A-chr21,TTTATGCCATGGAATA-1
GRCh38-2020-A-chr21,TTTCCTCGTCTAAAGA-1
GRCh38-2020-A-chr21,TTTGGTTAGCTGGAAC-1
GRCh38-2020-A-chr21,TTTGTCACACGAGAGT-1
GRCh38-2020-A-chr21,TTTGTCAGTCGCGGTT-1
GRCh38-2020-A-chr21,TTTGTCATCAGTTTGG-1
