,Identity
AAACCTGAGAATAGGG-1,Undetermined
AAACCTGAGAGCTGGT-1,Undetermined
AAACCTGAGCGTTGCC-1,Undetermined
AAACCTGCAAGCTGTT-1,Undetermined
AAACCTGCATCACCCT-1,Undetermined
AAACCTGTCATGTCTT-1,Undetermined
AAACGGGAGCCCGAAA-1,Undetermined
AAACGGGAGCGAAGGG-1,Undetermined
AAACGGGAGGACATTA-1,Undetermined
AAACGGGCACCAACCG-1,Undetermined
AAACGGGGTCTTTCAT-1,Undetermined
AAACGGGTCACTTATC-1,Undetermined
AAACGGGTCCTAGTGA-1,Undetermined
AAACGGGTCGGACAAG-1,Undetermined
AAAGATGGTGCGGTAA-1,Undetermined
AAAGATGTCACCACCT-1,Undetermined
AAAGCAAAGATCCTGT-1,Undetermined
AAAGCAAAGGAGTACC-1,Undetermined
AAAGCAAAGTGGACGT-1,Undetermined
AAAGCAACAATAAGCA-1,Undetermined
AAAGCAAGTATTCGTG-1,Undetermined
AAAGCAAGTGGCTCCA-1,Undetermined
AAAGCAATCACCTCGT-1,Undetermined
AAAGCAATCATCTGTT-1,Undetermined
AAAGTAGAGCGTCAAG-1,Undetermined
AAAGTAGAGGTAAACT-1,Undetermined
AAAGTAGCAACCGCCA-1,Undetermined
AAAGTAGCACGGACAA-1,Undetermined
AAAGTAGCATTCCTCG-1,Undetermined
AAAGTAGGTTCGTCTC-1,Undetermined
AAATGCCAGACGCAAC-1,Undetermined
AAATGCCAGTAACCCT-1,Undetermined
AAATGCCCAAGGTGTG-1,Undetermined
AAATGCCGTGTAATGA-1,Undetermined
AACACGTAGAGCTGGT-1,Undetermined
AACACGTAGGCATGGT-1,Undetermined
AACACGTAGGGAACGG-1,Undetermined
AACACGTCACGCTTTC-1,Undetermined
AACACGTCACGGTTTA-1,Undetermined
AACACGTCACTATCTT-1,Undetermined
AACACGTGTCTAGCCG-1,Undetermined
AACACGTTCCTTGCCA-1,Undetermined
AACCATGAGACTGGGT-1,Undetermined
AACCATGCAACCGCCA-1,Undetermined
AACCATGCATGTTCCC-1,Undetermined
AACCATGGTCTTCTCG-1,Undetermined
AACCATGGTTCCGTCT-1,Undetermined
AACCATGGTTCTGTTT-1,Undetermined
AACCATGTCCCATTTA-1,Undetermined
AACCATGTCGGAATCT-1,Undetermined
AACCATGTCGTGGACC-1,Undetermined
AACCATGTCTTACCGC-1,Undetermined
AACCGCGAGAAAGTGG-1,Undetermined
AACCGCGAGCTACCGC-1,Undetermined
AACCGCGAGTCACGCC-1,Undetermined
AACCGCGGTACTCAAC-1,Undetermined
AACCGCGGTGAGTATA-1,Undetermined
AACGTTGAGACATAAC-1,Undetermined
AACGTTGAGATCGATA-1,Undetermined
AACGTTGAGATCTGAA-1,Undetermined
AACGTTGAGCACCGCT-1,Undetermined
AACGTTGAGCCCAGCT-1,Undetermined
AACGTTGAGTGAACAT-1,Undetermined
AACGTTGCACGTCTCT-1,Undetermined
AACGTTGCAGTGAGTG-1,Undetermined
AACGTTGGTCGAATCT-1,Undetermined
AACGTTGTCATCGGAT-1,Undetermined
AACGTTGTCATGTAGC-1,Undetermined
AACTCAGAGGCTCATT-1,Undetermined
AACTCAGAGGGAAACA-1,Undetermined
AACTCAGAGTGAATTG-1,Undetermined
AACTCAGGTCGATTGT-1,Undetermined
AACTCAGGTCTGATTG-1,Undetermined
AACTCAGTCGGTCCGA-1,Undetermined
AACTCAGTCGTTGCCT-1,Undetermined
AACTCAGTCTGACCTC-1,Undetermined
AACTCCCAGAATTGTG-1,Undetermined
AACTCCCCACCACGTG-1,Undetermined
AACTCCCCATCGACGC-1,Undetermined
AACTCCCGTGCGATAG-1,Undetermined
AACTCCCTCAGTACGT-1,Undetermined
AACTCTTAGACTCGGA-1,Undetermined
AACTCTTCACCATCCT-1,Undetermined
AACTCTTGTGGTTTCA-1,Undetermined
AACTCTTTCATGCTCC-1,Undetermined
AACTGGTAGCATGGCA-1,Undetermined
AACTGGTAGGAATGGA-1,Undetermined
AACTGGTAGGAGTTGC-1,Undetermined
AACTGGTCAGGTTTCA-1,Undetermined
AACTGGTCATACGCTA-1,Undetermined
AACTGGTGTGCACCAC-1,Undetermined
AACTGGTGTGCGCTTG-1,Undetermined
AACTGGTTCCCAAGTA-1,Undetermined
AACTGGTTCTGTGCAA-1,Undetermined
AACTTTCAGAGTCGGT-1,Undetermined
AACTTTCAGTGGCACA-1,Undetermined
AACTTTCCAAGGACAC-1,Undetermined
AACTTTCCAGACAAAT-1,Undetermined
AACTTTCCATGACATC-1,Undetermined
AACTTTCGTAAGGGAA-1,Undetermined
AACTTTCGTTCCATGA-1,Undetermined
AACTTTCGTTGATTGC-1,Undetermined
AACTTTCTCAGAGGTG-1,Undetermined
AACTTTCTCCAGAGGA-1,Undetermined
AACTTTCTCTTGTATC-1,Undetermined
AAGACCTAGATGTGTA-1,Undetermined
AAGACCTAGCCGCCTA-1,Undetermined
AAGACCTAGCGTCTAT-1,Undetermined
AAGACCTAGTGTGGCA-1,Undetermined
AAGACCTTCGGCGGTT-1,Undetermined
AAGCCGCAGGTGACCA-1,Undetermined
AAGCCGCCATTATCTC-1,Undetermined
AAGCCGCGTCGTTGTA-1,Undetermined
AAGCCGCTCCAAACTG-1,Undetermined
AAGCCGCTCGGTTCGG-1,Undetermined
AAGGAGCAGAGCTATA-1,Undetermined
AAGGAGCAGATGGCGT-1,Undetermined
AAGGAGCCACAAGCCC-1,Undetermined
AAGGAGCCACACAGAG-1,Undetermined
AAGGAGCCATTGAGCT-1,Undetermined
AAGGAGCGTATAGTAG-1,Undetermined
AAGGAGCGTCAAGCGA-1,Undetermined
AAGGAGCGTTAAGGGC-1,Undetermined
AAGGAGCGTTCACGGC-1,Undetermined
AAGGCAGAGCCAGGAT-1,Undetermined
AAGGCAGAGCGATAGC-1,Undetermined
AAGGCAGAGGCGCTCT-1,Undetermined
AAGGCAGCAGGAATGC-1,Undetermined
AAGGCAGGTAGCCTCG-1,Undetermined
AAGGCAGTCTTGCCGT-1,Undetermined
AAGGTTCAGCTAAACA-1,Undetermined
AAGGTTCAGCTTCGCG-1,Undetermined
AAGGTTCCATTGGCGC-1,Undetermined
AAGGTTCGTAAATGAC-1,Undetermined
AAGGTTCGTGCAGACA-1,Undetermined
AAGGTTCTCAAGCCTA-1,Undetermined
AAGGTTCTCACCTCGT-1,Undetermined
AAGGTTCTCATCGCTC-1,Undetermined
AAGGTTCTCCACTCCA-1,Undetermined
AAGGTTCTCCCTTGTG-1,Undetermined
AAGGTTCTCTCAAACG-1,Undetermined
AAGTCTGAGACTGTAA-1,Undetermined
AAGTCTGAGCAGATCG-1,Undetermined
AAGTCTGCAGTTCATG-1,Undetermined
AAGTCTGCATCTCGCT-1,Undetermined
AATCCAGAGATCGATA-1,Undetermined
AATCCAGCAATAACGA-1,Undetermined
AATCCAGCACCACCAG-1,Undetermined
AATCCAGGTAAGTGGC-1,Undetermined
AATCCAGGTAATCGTC-1,Undetermined
AATCCAGGTCAGAATA-1,Undetermined
AATCCAGGTCTGATTG-1,Undetermined
AATCGGTAGAGCTGGT-1,Undetermined
AATCGGTAGGCTCTTA-1,Undetermined
AATCGGTCACATCCAA-1,Undetermined
AATCGGTCACGTCAGC-1,Undetermined
AATCGGTCACTGTCGG-1,Undetermined
AATCGGTCATAACCTG-1,Undetermined
AATCGGTCATTTCACT-1,Undetermined
AATCGGTGTAAAGTCA-1,Undetermined
AATCGGTGTCAAACTC-1,Undetermined
AATCGGTGTTCGAATC-1,Undetermined
AATCGGTTCACCGGGT-1,Undetermined
ACACCAAGTAGCGCTC-1,Undetermined
ACACCAAGTAGCTGCC-1,Undetermined
ACACCAAGTCCAAGTT-1,Undetermined
ACACCAATCTTGCCGT-1,Undetermined
ACACCCTAGCATGGCA-1,Undetermined
ACACCCTCAATAACGA-1,Undetermined
ACACCCTCAGTGACAG-1,Undetermined
ACACCCTGTAAGCACG-1,Undetermined
ACACCCTGTCTCCCTA-1,Undetermined
ACACCCTGTTGGAGGT-1,Undetermined
ACACCCTTCCTGCTTG-1,Undetermined
ACACCCTTCGAACGGA-1,Undetermined
ACACCGGAGAAGATTC-1,Undetermined
ACACCGGAGCGTAGTG-1,Undetermined
ACACCGGAGGCTCAGA-1,Undetermined
ACACCGGAGTAATCCC-1,Undetermined
ACACCGGCAAGTAGTA-1,Undetermined
ACACCGGCAATCGAAA-1,Undetermined
ACACCGGCACGAAGCA-1,Undetermined
ACACCGGGTGAGGCTA-1,Undetermined
ACACCGGTCAAAGTAG-1,Undetermined
ACACCGGTCCTGCAGG-1,Undetermined
ACACCGGTCCTGCCAT-1,Undetermined
ACACTGACAATGTTGC-1,Undetermined
ACACTGACACATTCGA-1,Undetermined
ACACTGACACTCTGTC-1,Undetermined
ACACTGAGTGTCGCTG-1,Undetermined
ACACTGAGTTTAGCTG-1,Undetermined
ACACTGATCGGCGGTT-1,Undetermined
ACACTGATCGGCTTGG-1,Undetermined
ACACTGATCGTCCGTT-1,Undetermined
ACAGCCGAGACAAGCC-1,Undetermined
ACAGCCGAGACTTTCG-1,Undetermined
ACAGCCGAGATAGGAG-1,Undetermined
ACAGCCGAGGGTGTTG-1,Undetermined
ACAGCCGCAAAGGAAG-1,Undetermined
ACAGCCGCAAGCCGTC-1,Undetermined
ACAGCCGCAGCTGCAC-1,Undetermined
ACAGCCGCATCAGTCA-1,Undetermined
ACAGCCGCATGCGCAC-1,Undetermined
ACAGCTAAGATGTTAG-1,Undetermined
ACAGCTAAGCTCCTTC-1,Undetermined
ACAGCTACAGCTATTG-1,Undetermined
ACAGCTAGTACATGTC-1,Undetermined
ACAGCTAGTACCGTAT-1,Undetermined
ACAGCTAGTCAATGTC-1,Undetermined
ACAGCTAGTTCGTTGA-1,Undetermined
ACAGCTAGTTGCGTTA-1,Undetermined
ACAGCTATCACTCCTG-1,Undetermined
ACAGCTATCCAGGGCT-1,Undetermined
ACAGCTATCCTAAGTG-1,Undetermined
ACAGCTATCGAACGGA-1,Undetermined
ACATACGAGAGTCTGG-1,Undetermined
ACATACGAGCAATCTC-1,Undetermined
ACATACGAGGTGACCA-1,Undetermined
ACATACGCAAGGTTTC-1,Undetermined
ACATACGCACACGCTG-1,Undetermined
ACATACGCAGGACGTA-1,Undetermined
ACATACGGTCTGCCAG-1,Undetermined
ACATCAGAGATGTAAC-1,Undetermined
ACATCAGAGGAACTGC-1,Undetermined
ACATCAGAGGCTCATT-1,Undetermined
ACATCAGCAATTCCTT-1,Undetermined
ACATCAGCAGATCGGA-1,Undetermined
ACATCAGTCAGTACGT-1,Undetermined
ACATCAGTCCTCGCAT-1,Undetermined
ACATCAGTCTCGATGA-1,Undetermined
ACATCAGTCTGTTGAG-1,Undetermined
ACATGGTAGACAGAGA-1,Undetermined
ACATGGTAGCTGGAAC-1,Undetermined
ACATGGTAGTGAACAT-1,Undetermined
ACATGGTCACGTCAGC-1,Undetermined
ACATGGTGTACTTGAC-1,Undetermined
ACATGGTGTAGCGTCC-1,Undetermined
ACATGGTTCCCTAACC-1,Undetermined
ACATGGTTCGGGAGTA-1,Undetermined
ACATGGTTCGTACGGC-1,Undetermined
ACATGGTTCTCCAACC-1,Undetermined
ACCAGTAAGCTACCTA-1,Undetermined
ACCAGTAAGTGTTAGA-1,Undetermined
ACCAGTACAACTGCTA-1,Undetermined
ACCAGTACAATAGCGG-1,Undetermined
ACCAGTACACGAGAGT-1,Undetermined
ACCAGTACATGACGGA-1,Undetermined
ACCAGTAGTGTGAAAT-1,Undetermined
ACCAGTAGTTCCAACA-1,Undetermined
ACCAGTAGTTCCCTTG-1,Undetermined
ACCAGTATCCTTGGTC-1,Undetermined
ACCAGTATCGGTCCGA-1,Undetermined
ACCAGTATCTCTTATG-1,Undetermined
ACCCACTAGTTCCACA-1,Undetermined
ACCCACTCAAGTTGTC-1,Undetermined
ACCCACTCACACGCTG-1,Undetermined
ACCCACTCAGCTCGCA-1,Undetermined
ACCCACTCATATACGC-1,Undetermined
ACCCACTGTACCGTTA-1,Undetermined
ACCCACTGTATAGTAG-1,Undetermined
ACCCACTGTCAAAGCG-1,Undetermined
ACCCACTGTCAGCTAT-1,Undetermined
ACCCACTTCGGTTCGG-1,Undetermined
ACCGTAAAGAGCTGGT-1,Undetermined
ACCGTAAAGCAGCGTA-1,Undetermined
ACCGTAAAGCGTTGCC-1,Undetermined
ACCGTAAAGTACGTAA-1,Undetermined
ACCGTAACATTCTCAT-1,Undetermined
ACCGTAAGTAGCGTAG-1,Undetermined
ACCGTAAGTTGGAGGT-1,Undetermined
ACCTTTATCAGTGTTG-1,Undetermined
ACCTTTATCCAAGCCG-1,Undetermined
ACCTTTATCCACTCCA-1,Undetermined
ACCTTTATCCGGGTGT-1,Undetermined
ACCTTTATCGCGGATC-1,Undetermined
ACCTTTATCTAAGCCA-1,Undetermined
ACCTTTATCTTCTGGC-1,Undetermined
ACGAGCCAGCTCCTTC-1,Undetermined
ACGAGCCCATCTGGTA-1,Undetermined
ACGAGCCCATTATCTC-1,Undetermined
ACGAGCCTCACATAGC-1,Undetermined
ACGAGGAAGCCCAATT-1,Undetermined
ACGAGGAAGCTGATAA-1,Undetermined
ACGAGGAAGGCCGAAT-1,Undetermined
ACGAGGAAGTAATCCC-1,Undetermined
ACGAGGACAAACCTAC-1,Undetermined
ACGAGGACAAAGCAAT-1,Undetermined
ACGAGGACAAGCTGTT-1,Undetermined
ACGATACAGGGCTCTC-1,Undetermined
ACGATACAGTCCGGTC-1,Undetermined
ACGATACCAATGTTGC-1,Undetermined
ACGATACCAGGATTGG-1,Undetermined
ACGATACGTCACCTAA-1,Undetermined
ACGATACGTGAAGGCT-1,Undetermined
ACGATACGTGTGGCTC-1,Undetermined
ACGATACGTTATGCGT-1,Undetermined
ACGATACGTTTGGGCC-1,Undetermined
ACGATACTCCACGACG-1,Undetermined
ACGATACTCCAGAAGG-1,Undetermined
ACGATACTCCCTAACC-1,Undetermined
ACGATGTAGCTCCTTC-1,Undetermined
ACGATGTAGGGCATGT-1,Undetermined
ACGATGTCAGATAATG-1,Undetermined
ACGATGTCAGCGATCC-1,Undetermined
ACGATGTGTCTCTTAT-1,Undetermined
ACGATGTTCGTTTGCC-1,Undetermined
ACGATGTTCTGCGGCA-1,Undetermined
ACGCAGCAGCTTCGCG-1,Undetermined
ACGCAGCAGTGGTAGC-1,Undetermined
ACGCAGCCAGGATCGA-1,Undetermined
ACGCAGCCAGGGTATG-1,Undetermined
ACGCAGCGTAGCGTGA-1,Undetermined
ACGCAGCGTGGGTCAA-1,Undetermined
ACGCAGCTCCCTCAGT-1,Undetermined
ACGCCAGAGTAACCCT-1,Undetermined
ACGCCAGAGTAGTGCG-1,Undetermined
ACGCCAGAGTCAAGCG-1,Undetermined
ACGCCAGCAACTGCTA-1,Undetermined
ACGCCAGCACACCGAC-1,Undetermined
ACGCCAGGTCTCTCTG-1,Undetermined
ACGCCAGGTTCCTCCA-1,Undetermined
ACGCCAGTCCAAACAC-1,Undetermined
ACGCCAGTCCTCAACC-1,Undetermined
ACGCCAGTCCTTGACC-1,Undetermined
ACGCCGAAGATCTGAA-1,Undetermined
ACGCCGAAGATGTAAC-1,Undetermined
ACGCCGAAGCGGCTTC-1,Undetermined
ACGCCGAAGCTGGAAC-1,Undetermined
ACGCCGAAGTGGAGTC-1,Undetermined
ACGCCGACAGTATAAG-1,Undetermined
ACGCCGAGTGCAACGA-1,Undetermined
ACGCCGAGTTTGACAC-1,Undetermined
ACGCCGATCAGCTCGG-1,Undetermined
ACGCCGATCCTGCTTG-1,Undetermined
ACGCCGATCGTACCGG-1,Undetermined
ACGGAGACATATGGTC-1,Undetermined
ACGGAGAGTGCGATAG-1,Undetermined
ACGGAGAGTTCAGCGC-1,Undetermined
ACGGAGATCAATCACG-1,Undetermined
ACGGAGATCCTAAGTG-1,Undetermined
ACGGAGATCGCGATCG-1,Undetermined
ACGGCCAAGGAGTTTA-1,Undetermined
ACGGCCAAGGGCTTGA-1,Undetermined
ACGGCCACAGGGTTAG-1,Undetermined
ACGGCCAGTTATTCTC-1,Undetermined
ACGGCCAGTTGCGCAC-1,Undetermined
ACGGCCATCGTCCAGG-1,Undetermined
ACGGGCTAGGGTCTCC-1,Undetermined
ACGGGCTCACCTCGGA-1,Undetermined
ACGGGCTGTATGAATG-1,Undetermined
ACGGGCTGTATTCTCT-1,Undetermined
ACGGGCTGTGGAAAGA-1,Undetermined
ACGGGCTTCAGAGCTT-1,Undetermined
ACGGGTCAGGCGATAC-1,Undetermined
ACGGGTCAGGGCTCTC-1,Undetermined
ACGGGTCAGTGGACGT-1,Undetermined
ACGGGTCCAAGTCTAC-1,Undetermined
ACGGGTCGTCTGCAAT-1,Undetermined
ACGGGTCTCGTCCAGG-1,Undetermined
ACGTCAAAGGCTCAGA-1,Undetermined
ACGTCAACAAGAAAGG-1,Undetermined
ACGTCAACAATGGAGC-1,Undetermined
ACGTCAAGTCTAAACC-1,Undetermined
ACGTCAAGTGATAAGT-1,Undetermined
ACGTCAATCACCATAG-1,Undetermined
ACGTCAATCCCTTGTG-1,Undetermined
ACGTCAATCTGACCTC-1,Undetermined
ACTATCTAGCTGCCCA-1,Undetermined
ACTATCTCACATGACT-1,Undetermined
ACTATCTCAGATCTGT-1,Undetermined
ACTATCTGTAGAGGAA-1,Undetermined
ACTATCTGTCGACTAT-1,Undetermined
ACTATCTTCAATCACG-1,Undetermined
ACTGAACAGAGTCGGT-1,Undetermined
ACTGAACAGCCCAATT-1,Undetermined
ACTGAACAGCCCTAAT-1,Undetermined
ACTGAACAGCGATAGC-1,Undetermined
ACTGAACAGCGGATCA-1,Undetermined
ACTGAACCACAAGACG-1,Undetermined
ACTGAACCACGGTTTA-1,Undetermined
ACTGAACCAGCTGCAC-1,Undetermined
ACTGAACGTCTCTTTA-1,Undetermined
ACTGAACTCCATGAAC-1,Undetermined
ACTGAGTCATAACCTG-1,Undetermined
ACTGAGTTCACAACGT-1,Undetermined
ACTGTCCCACGCATCG-1,Undetermined
ACTTTCACAGCGAACA-1,Undetermined
ACTTTCAGTGGTCCGT-1,Undetermined
AGACGTTTCCGGCACA-1,Undetermined
AGAGCTTGTAATTGGA-1,Undetermined
AGATCTGCAGATGGCA-1,Undetermined
AGCAGCCAGAGTGACC-1,Undetermined
AGCAGCCTCCGCGGTA-1,Undetermined
AGCCTAATCTGATTCT-1,Undetermined
AGCGGTCAGATGTGTA-1,Undetermined
AGCGTATAGCTGAACG-1,Undetermined
AGCTCCTAGAAACCTA-1,Undetermined
AGCTCTCAGAAGCCCA-1,Undetermined
AGGGAGTCAGCTCGCA-1,Undetermined
AGGGAGTTCGAGGTAG-1,Undetermined
AGGGTGAGTATGCTTG-1,Undetermined
AGTAGTCGTTGTCGCG-1,Undetermined
AGTCTTTGTATAGTAG-1,Undetermined
AGTGAGGGTCACCCAG-1,Undetermined
AGTGTCAGTAGGCATG-1,Undetermined
ATAGACCCAACTTGAC-1,Undetermined
ATAGACCCAATACGCT-1,Undetermined
ATAGACCCATTCTTAC-1,Undetermined
ATCGAGTTCGTCTGAA-1,Undetermined
ATCTGCCAGACTCGGA-1,Undetermined
ATGAGGGCACATCTTT-1,Undetermined
ATTACTCTCAACGGGA-1,Undetermined
ATTCTACGTGATGTGG-1,Undetermined
ATTCTACGTGTTTGGT-1,Undetermined
ATTCTACTCAAGGCTT-1,Undetermined
ATTGGACGTTAGAACA-1,Undetermined
CAACCAACAGAGTGTG-1,Undetermined
CAACTAGCAGGATTGG-1,Undetermined
CAAGATCGTAAGGGAA-1,Undetermined
CAAGTTGAGGAACTGC-1,Undetermined
CACAAACCAGTTCCCT-1,Undetermined
CACACAAGTCATCCCT-1,Undetermined
CACACCTGTCAGAATA-1,Undetermined
CACATAGTCTGGCGTG-1,Undetermined
CACCACTAGGCAGTCA-1,Undetermined
CACCAGGAGGCTCATT-1,Undetermined
CACCTTGGTAAGGGAA-1,Undetermined
CACCTTGGTTCTGAAC-1,Undetermined
CAGCTAAAGAGTCTGG-1,Undetermined
CATATGGGTAAATGAC-1,Undetermined
CATATTCTCGTCGTTC-1,Undetermined
CATCAAGCAGAAGCAC-1,Undetermined
CATCGAACAGTCAGAG-1,Undetermined
CATGACAAGATATGGT-1,Undetermined
CATGACAGTCAGTGGA-1,Undetermined
CATGACATCCCAGGTG-1,Undetermined
CATGGCGTCTGCAAGT-1,Undetermined
CATTATCCACTGCCAG-1,Undetermined
CATTCGCCACTGTCGG-1,Undetermined
CCACGGACATCCGCGA-1,Undetermined
CCACTACAGTAGCCGA-1,Undetermined
CCATTCGAGTGTCCCG-1,Undetermined
CCATTCGCACTGTCGG-1,Undetermined
CCATTCGTCAGGTTCA-1,Undetermined
CCCAGTTTCGGCGCTA-1,Undetermined
CCGGTAGCACTTCGAA-1,Undetermined
CCGGTAGTCGAATCCA-1,Undetermined
CCTAAAGCATAGACTC-1,Undetermined
CCTCAGTCATGTTGAC-1,Undetermined
CCTCTGACAACACCCG-1,Undetermined
CCTTCGAAGGAGTTTA-1,Undetermined
CCTTCGAGTCCAGTAT-1,Undetermined
CGAACATCACAGACTT-1,Undetermined
CGAACATCAGACTCGC-1,Undetermined
CGACCTTAGAAACGCC-1,Undetermined
CGACTTCAGGCATTGG-1,Undetermined
CGAGCACAGAGCCCAA-1,Undetermined
CGAGCCAAGTCGATAA-1,Undetermined
CGAGCCAGTGACGCCT-1,Undetermined
CGCTATCCAGTGGAGT-1,Undetermined
CGGACTGCAGATCCAT-1,Undetermined
CGGACTGGTATAGGGC-1,Undetermined
CGGAGCTGTGAGTGAC-1,Undetermined
CGGAGCTTCAGCGACC-1,Undetermined
CGGAGTCTCGCGATCG-1,Undetermined
CGGCTAGAGACTGTAA-1,Undetermined
CGGTTAACATAACCTG-1,Undetermined
CGTAGCGGTATATGGA-1,Undetermined
CGTAGGCTCTTTAGGG-1,Undetermined
CGTCACTAGGATGCGT-1,Undetermined
CGTCAGGTCAGCAACT-1,Undetermined
CGTCTACAGAGTAAGG-1,Undetermined
CGTCTACGTTCAACCA-1,Undetermined
CGTCTACTCAATAAGG-1,Undetermined
CGTGAGCGTTATCACG-1,Undetermined
CGTGAGCTCACCTCGT-1,Undetermined
CGTTCTGTCTCGAGTA-1,Undetermined
CGTTGGGCATGAAGTA-1,Undetermined
CTACACCAGCGATTCT-1,Undetermined
CTACATTTCCCGACTT-1,Undetermined
CTACCCACATATACCG-1,Undetermined
CTACGTCGTAGGAGTC-1,Undetermined
CTAGTGAGTTAAAGTG-1,Undetermined
CTAGTGATCTTCATGT-1,Undetermined
CTCGAAATCAAAGACA-1,Undetermined
CTCGAGGAGAGACTTA-1,Undetermined
CTCGAGGTCACTTACT-1,Undetermined
CTCGAGGTCCTTGGTC-1,Undetermined
CTCGGGAAGATCCTGT-1,Undetermined
CTCGTACAGCGATTCT-1,Undetermined
CTCGTACTCACCGTAA-1,Undetermined
CTGAAGTTCGTTTAGG-1,Undetermined
CTGATAGAGTGACATA-1,Undetermined
CTGATAGTCTGCAAGT-1,Undetermined
CTGATCCCAAATACAG-1,Undetermined
CTGATCCTCAAGATCC-1,Undetermined
CTGATCCTCGCAAGCC-1,Undetermined
CTGCCTAAGACACTAA-1,Undetermined
CTTAACTTCATAGCAC-1,Undetermined
CTTAGGATCAGATAAG-1,Undetermined
CTTCTCTCATGACATC-1,Undetermined
CTTCTCTTCCTTAATC-1,Undetermined
CTTCTCTTCGTCGTTC-1,Undetermined
CTTTGCGCAAGGCTCC-1,Undetermined
GAAATGAAGAGGTTAT-1,Undetermined
GAACATCAGGATGGTC-1,Undetermined
GAACATCAGTGAACGC-1,Undetermined
GAACATCCATCGTCGG-1,Undetermined
GAATGAAAGAATCTCC-1,Undetermined
GAATGAACAGCCTGTG-1,Undetermined
GACCTGGCAAGCTGGA-1,Undetermined
GACGTGCAGACGCACA-1,Undetermined
GACTAACAGAGGTAGA-1,Undetermined
GAGGTGACACCTCGGA-1,Undetermined
GAGTCCGTCACTGGGC-1,Undetermined
GATCGCGTCTTGCATT-1,Undetermined
GATGAGGAGGATGCGT-1,Undetermined
GCAAACTGTAAACACA-1,Undetermined
GCAGCCATCTAGCACA-1,Undetermined
GCATACAAGGTAGCCA-1,Undetermined
GCATGATTCAGCAACT-1,Undetermined
GCGAGAAAGCCAGTAG-1,Undetermined
GCGCAGTGTACCATCA-1,Undetermined
GCGCCAAAGTGTTGAA-1,Undetermined
GCTCTGTGTTTCCACC-1,Undetermined
GCTGCTTCAATAGCAA-1,Undetermined
GGAAAGCAGTGTTTGC-1,Undetermined
GGAACTTCACGAAATA-1,Undetermined
GGATGTTGTCTAGTGT-1,Undetermined
GGGAGATAGCGCCTCA-1,Undetermined
GGGCACTAGTTTGCGT-1,Undetermined
GGGCATCAGTCACGCC-1,Undetermined
GGGTCTGAGACCTAGG-1,Undetermined
GGGTCTGGTCATGCAT-1,Undetermined
GGTATTGCACTGTGTA-1,Undetermined
GGTATTGGTTCTGGTA-1,Undetermined
GGTGCGTCAATGAATG-1,Undetermined
GGTGCGTGTGGGTCAA-1,Undetermined
GGTGTTACACGTCTCT-1,Undetermined
GTACTCCGTACAGTGG-1,Undetermined
GTACTTTTCCAGGGCT-1,Undetermined
GTAGGCCGTTGGTTTG-1,Undetermined
GTAGTCAAGTCTCGGC-1,Undetermined
GTAGTCACAATGGATA-1,Undetermined
GTAGTCAGTCACCTAA-1,Undetermined
GTCAAGTCACGGTAGA-1,Undetermined
GTCAAGTCAGTTTACG-1,Undetermined
GTCGGGTGTTGCGCAC-1,Undetermined
GTCGTAAGTAATCGTC-1,Undetermined
GTCTCGTTCCTAGAAC-1,Undetermined
GTGAAGGGTGCAACGA-1,Undetermined
GTGCAGCGTACAAGTA-1,Undetermined
GTGCATAAGAAGATTC-1,Undetermined
GTGCGGTGTCACAAGG-1,Undetermined
GTGCTTCGTAAGTAGT-1,Undetermined
GTGTGCGTCTGGTATG-1,Undetermined
GTGTTAGGTACAGTTC-1,Undetermined
GTGTTAGGTTAAAGTG-1,Undetermined
TACCTATCACTTAACG-1,Undetermined
TACCTTAAGAGCCCAA-1,Undetermined
TACGGGCAGCTATGCT-1,Undetermined
TACGGGCTCTCGTTTA-1,Undetermined
TACGGTAAGATGTAAC-1,Undetermined
TACTCGCAGCGTAGTG-1,Undetermined
TACTTACCATCTCGCT-1,Undetermined
TACTTGTAGTTAACGA-1,Undetermined
TAGACCAAGCTAACTC-1,Undetermined
TAGAGCTCACGTCAGC-1,Undetermined
TAGCCGGGTGTGTGCC-1,Undetermined
TAGGCATAGAAACGCC-1,Undetermined
TAGGCATCAACTTGAC-1,Undetermined
TAGTTGGGTCAGATAA-1,Undetermined
TATCAGGAGTCAAGGC-1,Undetermined
TATGCCCTCCCTCAGT-1,Undetermined
TATTACCCAAAGCGGT-1,Undetermined
TCAACGACAGCGTTCG-1,Undetermined
TCAGGATCAACTGCGC-1,Undetermined
TCAGGTAGTGTGGTTT-1,Undetermined
TCAGGTATCGCGATCG-1,Undetermined
TCCCGATAGTGTACTC-1,Undetermined
TCCCGATCACATGTGT-1,Undetermined
TCCCGATTCACCCTCA-1,Undetermined
TCGAGGCAGTGCAAGC-1,Undetermined
TCGCGAGAGAAACCTA-1,Undetermined
TCGCGTTAGCTGCCCA-1,Undetermined
TCGCGTTCACAGTCGC-1,Undetermined
TCGCGTTTCACAGGCC-1,Undetermined
TCGCGTTTCCGTACAA-1,Undetermined
TCGGTAAGTATAGTAG-1,Undetermined
TCGGTAAGTCTAGTCA-1,Undetermined
TCGTACCCAATAACGA-1,Undetermined
TCTCATAGTATCGCAT-1,Undetermined
TCTGAGATCTCACATT-1,Undetermined
TCTGGAAAGTAGTGCG-1,Undetermined
TGACAACGTTTGGCGC-1,Undetermined
TGACAACTCAACGGGA-1,Undetermined
TGACTTTCATTCCTCG-1,Undetermined
TGACTTTTCCGATATG-1,Undetermined
TGAGCATCACTTAAGC-1,Undetermined
TGAGCCGTCATCTGTT-1,Undetermined
TGAGGGAAGGCATGGT-1,Undetermined
TGATTTCTCACGCGGT-1,Undetermined
TGATTTCTCCAAACAC-1,Undetermined
TGCCAAAAGGATGCGT-1,Undetermined
TGCCAAACATGAAGTA-1,Undetermined
TGCGGGTAGAGTAATC-1,Undetermined
TGCGGGTAGCAGACTG-1,Undetermined
TGCTGCTCAGATAATG-1,Undetermined
TGCTGCTCATTACGAC-1,Undetermined
TGGACGCTCAACTCTT-1,Undetermined
TGGCCAGTCAGGATCT-1,Undetermined
TGGCTGGTCTACCTGC-1,Undetermined
TGGGAAGGTCGCTTCT-1,Undetermined
TGGGCGTGTGCAACTT-1,Undetermined
TGGGCGTTCACGACTA-1,Undetermined
TTAGGACGTAATCGTC-1,Undetermined
TTAGTTCGTATCACCA-1,Undetermined
TTCTACAAGGCTATCT-1,Undetermined
TTCTCAACAGTAACGG-1,Undetermined
TTGAACGCACGAAGCA-1,Undetermined
TTGACTTCAGGTCGTC-1,Undetermined
TTGACTTTCGTTGACA-1,Undetermined
TTGCGTCCATGGAATA-1,Undetermined
TTGGAACGTGTTTGTG-1,Undetermined
TTTACTGTCCCTGACT-1,Undetermined
TTTCCTCGTACACCGC-1,Undetermined
