Barcode,Cluster
AAACCTGAGAATAGGG-1,1
AAACCTGAGAGCTGGT-1,3
AAACCTGAGCGTTGCC-1,5
AAACCTGCAAGCTGTT-1,5
AAACCTGCATCACCCT-1,6
AAACCTGTCATGTCTT-1,5
AAACGGGAGCCCGAAA-1,2
AAACGGGAGCGAAGGG-1,3
AAACGGGAGGACATTA-1,3
AAACGGGCACCAACCG-1,3
AAACGGGGTCTTTCAT-1,3
AAACGGGTCACTTATC-1,1
AAACGGGTCCTAGTGA-1,3
AAACGGGTCGGACAAG-1,6
AAAGATGGTGCGGTAA-1,6
AAAGATGTCACCACCT-1,5
AAAGCAAAGATCCTGT-1,1
AAAGCAAAGGAGTACC-1,5
AAAGCAAAGTGGACGT-1,1
AAAGCAACAATAAGCA-1,3
AAAGCAAGTATTCGTG-1,4
AAAGCAAGTGGCTCCA-1,2
AAAGCAATCACCTCGT-1,4
AAAGCAATCATCTGTT-1,1
AAAGTAGAGCGTCAAG-1,3
AAAGTAGAGGTAAACT-1,3
AAAGTAGCAACCGCCA-1,5
AAAGTAGCACGGACAA-1,1
AAAGTAGCATTCCTCG-1,1
AAAGTAGGTTCGTCTC-1,4
AAATGCCAGACGCAAC-1,2
AAATGCCAGTAACCCT-1,5
AAATGCCCAAGGTGTG-1,4
AAATGCCGTGTAATGA-1,3
AACACGTAGAGCTGGT-1,1
AACACGTAGGCATGGT-1,7
AACACGTAGGGAACGG-1,4
AACACGTCACGCTTTC-1,3
AACACGTCACGGTTTA-1,5
AACACGTCACTATCTT-1,1
AACACGTGTCTAGCCG-1,2
AACACGTTCCTTGCCA-1,2
AACCATGAGACTGGGT-1,3
AACCATGCAACCGCCA-1,4
AACCATGCATGTTCCC-1,1
AACCATGGTCTTCTCG-1,5
AACCATGGTTCCGTCT-1,3
AACCATGGTTCTGTTT-1,3
AACCATGTCCCATTTA-1,1
AACCATGTCGGAATCT-1,1
AACCATGTCGTGGACC-1,5
AACCATGTCTTACCGC-1,1
AACCGCGAGAAAGTGG-1,3
AACCGCGAGCTACCGC-1,1
AACCGCGAGTCACGCC-1,1
AACCGCGGTACTCAAC-1,1
AACCGCGGTGAGTATA-1,1
AACGTTGAGACATAAC-1,1
AACGTTGAGATCGATA-1,5
AACGTTGAGATCTGAA-1,4
AACGTTGAGCACCGCT-1,1
AACGTTGAGCCCAGCT-1,5
AACGTTGAGTGAACAT-1,1
AACGTTGCACGTCTCT-1,1
AACGTTGCAGTGAGTG-1,5
AACGTTGGTCGAATCT-1,3
AACGTTGTCATCGGAT-1,1
AACGTTGTCATGTAGC-1,3
AACTCAGAGGCTCATT-1,1
AACTCAGAGGGAAACA-1,3
AACTCAGAGTGAATTG-1,4
AACTCAGGTCGATTGT-1,1
AACTCAGGTCTGATTG-1,1
AACTCAGTCGGTCCGA-1,4
AACTCAGTCGTTGCCT-1,3
AACTCAGTCTGACCTC-1,1
AACTCCCAGAATTGTG-1,4
AACTCCCCACCACGTG-1,2
AACTCCCCATCGACGC-1,3
AACTCCCGTGCGATAG-1,1
AACTCCCTCAGTACGT-1,4
AACTCTTAGACTCGGA-1,1
AACTCTTCACCATCCT-1,2
AACTCTTGTGGTTTCA-1,1
AACTCTTTCATGCTCC-1,3
AACTGGTAGCATGGCA-1,5
AACTGGTAGGAATGGA-1,1
AACTGGTAGGAGTTGC-1,2
AACTGGTCAGGTTTCA-1,1
AACTGGTCATACGCTA-1,5
AACTGGTGTGCACCAC-1,1
AACTGGTGTGCGCTTG-1,3
AACTGGTTCCCAAGTA-1,3
AACTGGTTCTGTGCAA-1,3
AACTTTCAGAGTCGGT-1,4
AACTTTCAGTGGCACA-1,3
AACTTTCCAAGGACAC-1,5
AACTTTCCAGACAAAT-1,1
AACTTTCCATGACATC-1,1
AACTTTCGTAAGGGAA-1,2
AACTTTCGTTCCATGA-1,2
AACTTTCGTTGATTGC-1,3
AACTTTCTCAGAGGTG-1,2
AACTTTCTCCAGAGGA-1,3
AACTTTCTCTTGTATC-1,6
AAGACCTAGATGTGTA-1,5
AAGACCTAGCCGCCTA-1,3
AAGACCTAGCGTCTAT-1,2
AAGACCTAGTGTGGCA-1,5
AAGACCTTCGGCGGTT-1,4
AAGCCGCAGGTGACCA-1,4
AAGCCGCCATTATCTC-1,3
AAGCCGCGTCGTTGTA-1,6
AAGCCGCTCCAAACTG-1,5
AAGCCGCTCGGTTCGG-1,4
AAGGAGCAGAGCTATA-1,5
AAGGAGCAGATGGCGT-1,6
AAGGAGCCACAAGCCC-1,3
AAGGAGCCACACAGAG-1,5
AAGGAGCCATTGAGCT-1,1
AAGGAGCGTATAGTAG-1,4
AAGGAGCGTCAAGCGA-1,3
AAGGAGCGTTAAGGGC-1,5
AAGGAGCGTTCACGGC-1,3
AAGGCAGAGCCAGGAT-1,4
AAGGCAGAGCGATAGC-1,1
AAGGCAGAGGCGCTCT-1,1
AAGGCAGCAGGAATGC-1,3
AAGGCAGGTAGCCTCG-1,4
AAGGCAGTCTTGCCGT-1,1
AAGGTTCAGCTAAACA-1,4
AAGGTTCAGCTTCGCG-1,3
AAGGTTCCATTGGCGC-1,1
AAGGTTCGTAAATGAC-1,4
AAGGTTCGTGCAGACA-1,4
AAGGTTCTCAAGCCTA-1,6
AAGGTTCTCACCTCGT-1,3
AAGGTTCTCATCGCTC-1,3
AAGGTTCTCCACTCCA-1,3
AAGGTTCTCCCTTGTG-1,1
AAGGTTCTCTCAAACG-1,1
AAGTCTGAGACTGTAA-1,3
AAGTCTGAGCAGATCG-1,1
AAGTCTGCAGTTCATG-1,1
AAGTCTGCATCTCGCT-1,1
AATCCAGAGATCGATA-1,5
AATCCAGCAATAACGA-1,2
AATCCAGCACCACCAG-1,7
AATCCAGGTAAGTGGC-1,4
AATCCAGGTAATCGTC-1,1
AATCCAGGTCAGAATA-1,3
AATCCAGGTCTGATTG-1,1
AATCGGTAGAGCTGGT-1,3
AATCGGTAGGCTCTTA-1,5
AATCGGTCACATCCAA-1,1
AATCGGTCACGTCAGC-1,4
AATCGGTCACTGTCGG-1,3
AATCGGTCATAACCTG-1,3
AATCGGTCATTTCACT-1,5
AATCGGTGTAAAGTCA-1,5
AATCGGTGTCAAACTC-1,5
AATCGGTGTTCGAATC-1,6
AATCGGTTCACCGGGT-1,5
ACACCAAGTAGCGCTC-1,4
ACACCAAGTAGCTGCC-1,3
ACACCAAGTCCAAGTT-1,1
ACACCAATCTTGCCGT-1,3
ACACCCTAGCATGGCA-1,3
ACACCCTCAATAACGA-1,4
ACACCCTCAGTGACAG-1,3
ACACCCTGTAAGCACG-1,2
ACACCCTGTCTCCCTA-1,5
ACACCCTGTTGGAGGT-1,3
ACACCCTTCCTGCTTG-1,1
ACACCCTTCGAACGGA-1,3
ACACCGGAGAAGATTC-1,2
ACACCGGAGCGTAGTG-1,1
ACACCGGAGGCTCAGA-1,2
ACACCGGAGTAATCCC-1,5
ACACCGGCAAGTAGTA-1,2
ACACCGGCAATCGAAA-1,3
ACACCGGCACGAAGCA-1,4
ACACCGGGTGAGGCTA-1,1
ACACCGGTCAAAGTAG-1,2
ACACCGGTCCTGCAGG-1,3
ACACCGGTCCTGCCAT-1,4
ACACTGACAATGTTGC-1,3
ACACTGACACATTCGA-1,1
ACACTGACACTCTGTC-1,1
ACACTGAGTGTCGCTG-1,2
ACACTGAGTTTAGCTG-1,4
ACACTGATCGGCGGTT-1,1
ACACTGATCGGCTTGG-1,3
ACACTGATCGTCCGTT-1,7
ACAGCCGAGACAAGCC-1,5
ACAGCCGAGACTTTCG-1,4
ACAGCCGAGATAGGAG-1,4
ACAGCCGAGGGTGTTG-1,2
ACAGCCGCAAAGGAAG-1,1
ACAGCCGCAAGCCGTC-1,1
ACAGCCGCAGCTGCAC-1,5
ACAGCCGCATCAGTCA-1,3
ACAGCCGCATGCGCAC-1,1
ACAGCTAAGATGTTAG-1,6
ACAGCTAAGCTCCTTC-1,5
ACAGCTACAGCTATTG-1,4
ACAGCTAGTACATGTC-1,4
ACAGCTAGTACCGTAT-1,5
ACAGCTAGTCAATGTC-1,1
ACAGCTAGTTCGTTGA-1,3
ACAGCTAGTTGCGTTA-1,5
ACAGCTATCACTCCTG-1,2
ACAGCTATCCAGGGCT-1,5
ACAGCTATCCTAAGTG-1,5
ACAGCTATCGAACGGA-1,1
ACATACGAGAGTCTGG-1,5
ACATACGAGCAATCTC-1,1
ACATACGAGGTGACCA-1,2
ACATACGCAAGGTTTC-1,1
ACATACGCACACGCTG-1,2
ACATACGCAGGACGTA-1,1
ACATACGGTCTGCCAG-1,1
ACATCAGAGATGTAAC-1,3
ACATCAGAGGAACTGC-1,3
ACATCAGAGGCTCATT-1,1
ACATCAGCAATTCCTT-1,2
ACATCAGCAGATCGGA-1,1
ACATCAGTCAGTACGT-1,6
ACATCAGTCCTCGCAT-1,1
ACATCAGTCTCGATGA-1,1
ACATCAGTCTGTTGAG-1,2
ACATGGTAGACAGAGA-1,2
ACATGGTAGCTGGAAC-1,4
ACATGGTAGTGAACAT-1,3
ACATGGTCACGTCAGC-1,3
ACATGGTGTACTTGAC-1,1
ACATGGTGTAGCGTCC-1,1
ACATGGTTCCCTAACC-1,1
ACATGGTTCGGGAGTA-1,1
ACATGGTTCGTACGGC-1,1
ACATGGTTCTCCAACC-1,4
ACCAGTAAGCTACCTA-1,1
ACCAGTAAGTGTTAGA-1,3
ACCAGTACAACTGCTA-1,1
ACCAGTACAATAGCGG-1,1
ACCAGTACACGAGAGT-1,3
ACCAGTACATGACGGA-1,3
ACCAGTAGTGTGAAAT-1,3
ACCAGTAGTTCCAACA-1,2
ACCAGTAGTTCCCTTG-1,3
ACCAGTATCCTTGGTC-1,3
ACCAGTATCGGTCCGA-1,4
ACCAGTATCTCTTATG-1,5
ACCCACTAGTTCCACA-1,1
ACCCACTCAAGTTGTC-1,5
ACCCACTCACACGCTG-1,2
ACCCACTCAGCTCGCA-1,5
ACCCACTCATATACGC-1,1
ACCCACTGTACCGTTA-1,1
ACCCACTGTATAGTAG-1,3
ACCCACTGTCAAAGCG-1,4
ACCCACTGTCAGCTAT-1,3
ACCCACTTCGGTTCGG-1,3
ACCGTAAAGAGCTGGT-1,3
ACCGTAAAGCAGCGTA-1,4
ACCGTAAAGCGTTGCC-1,1
ACCGTAAAGTACGTAA-1,5
ACCGTAACATTCTCAT-1,1
ACCGTAAGTAGCGTAG-1,1
ACCGTAAGTTGGAGGT-1,1
ACCTTTATCAGTGTTG-1,1
ACCTTTATCCAAGCCG-1,4
ACCTTTATCCACTCCA-1,1
ACCTTTATCCGGGTGT-1,3
ACCTTTATCGCGGATC-1,1
ACCTTTATCTAAGCCA-1,2
ACCTTTATCTTCTGGC-1,4
ACGAGCCAGCTCCTTC-1,3
ACGAGCCCATCTGGTA-1,1
ACGAGCCCATTATCTC-1,6
ACGAGCCTCACATAGC-1,4
ACGAGGAAGCCCAATT-1,4
ACGAGGAAGCTGATAA-1,3
ACGAGGAAGGCCGAAT-1,7
ACGAGGAAGTAATCCC-1,4
ACGAGGACAAACCTAC-1,1
ACGAGGACAAAGCAAT-1,3
ACGAGGACAAGCTGTT-1,2
ACGATACAGGGCTCTC-1,1
ACGATACAGTCCGGTC-1,1
ACGATACCAATGTTGC-1,1
ACGATACCAGGATTGG-1,2
ACGATACGTCACCTAA-1,2
ACGATACGTGAAGGCT-1,3
ACGATACGTGTGGCTC-1,4
ACGATACGTTATGCGT-1,4
ACGATACGTTTGGGCC-1,1
ACGATACTCCACGACG-1,3
ACGATACTCCAGAAGG-1,4
ACGATACTCCCTAACC-1,1
ACGATGTAGCTCCTTC-1,3
ACGATGTAGGGCATGT-1,1
ACGATGTCAGATAATG-1,7
ACGATGTCAGCGATCC-1,3
ACGATGTGTCTCTTAT-1,3
ACGATGTTCGTTTGCC-1,2
ACGATGTTCTGCGGCA-1,4
ACGCAGCAGCTTCGCG-1,4
ACGCAGCAGTGGTAGC-1,2
ACGCAGCCAGGATCGA-1,1
ACGCAGCCAGGGTATG-1,5
ACGCAGCGTAGCGTGA-1,2
ACGCAGCGTGGGTCAA-1,3
ACGCAGCTCCCTCAGT-1,2
ACGCCAGAGTAACCCT-1,3
ACGCCAGAGTAGTGCG-1,1
ACGCCAGAGTCAAGCG-1,1
ACGCCAGCAACTGCTA-1,3
ACGCCAGCACACCGAC-1,3
ACGCCAGGTCTCTCTG-1,4
ACGCCAGGTTCCTCCA-1,1
ACGCCAGTCCAAACAC-1,1
ACGCCAGTCCTCAACC-1,1
ACGCCAGTCCTTGACC-1,4
ACGCCGAAGATCTGAA-1,1
ACGCCGAAGATGTAAC-1,1
ACGCCGAAGCGGCTTC-1,4
ACGCCGAAGCTGGAAC-1,3
ACGCCGAAGTGGAGTC-1,2
ACGCCGACAGTATAAG-1,1
ACGCCGAGTGCAACGA-1,2
ACGCCGAGTTTGACAC-1,5
ACGCCGATCAGCTCGG-1,3
ACGCCGATCCTGCTTG-1,2
ACGCCGATCGTACCGG-1,1
ACGGAGACATATGGTC-1,3
ACGGAGAGTGCGATAG-1,1
ACGGAGAGTTCAGCGC-1,5
ACGGAGATCAATCACG-1,5
ACGGAGATCCTAAGTG-1,2
ACGGAGATCGCGATCG-1,1
ACGGCCAAGGAGTTTA-1,1
ACGGCCAAGGGCTTGA-1,3
ACGGCCACAGGGTTAG-1,4
ACGGCCAGTTATTCTC-1,1
ACGGCCAGTTGCGCAC-1,2
ACGGCCATCGTCCAGG-1,4
ACGGGCTAGGGTCTCC-1,6
ACGGGCTCACCTCGGA-1,1
ACGGGCTGTATGAATG-1,3
ACGGGCTGTATTCTCT-1,6
ACGGGCTGTGGAAAGA-1,2
ACGGGCTTCAGAGCTT-1,4
ACGGGTCAGGCGATAC-1,5
ACGGGTCAGGGCTCTC-1,3
ACGGGTCAGTGGACGT-1,1
ACGGGTCCAAGTCTAC-1,3
ACGGGTCGTCTGCAAT-1,2
ACGGGTCTCGTCCAGG-1,3
ACGTCAAAGGCTCAGA-1,1
ACGTCAACAAGAAAGG-1,4
ACGTCAACAATGGAGC-1,4
ACGTCAAGTCTAAACC-1,6
ACGTCAAGTGATAAGT-1,3
ACGTCAATCACCATAG-1,1
ACGTCAATCCCTTGTG-1,5
ACGTCAATCTGACCTC-1,1
ACTATCTAGCTGCCCA-1,1
ACTATCTCACATGACT-1,3
ACTATCTCAGATCTGT-1,3
ACTATCTGTAGAGGAA-1,5
ACTATCTGTCGACTAT-1,2
ACTATCTTCAATCACG-1,3
ACTGAACAGAGTCGGT-1,4
ACTGAACAGCCCAATT-1,1
ACTGAACAGCCCTAAT-1,4
ACTGAACAGCGATAGC-1,3
ACTGAACAGCGGATCA-1,2
ACTGAACCACAAGACG-1,6
ACTGAACCACGGTTTA-1,3
ACTGAACCAGCTGCAC-1,3
ACTGAACGTCTCTTTA-1,5
ACTGAACTCCATGAAC-1,5
ACTGAGTCATAACCTG-1,3
ACTGAGTTCACAACGT-1,2
ACTGTCCCACGCATCG-1,2
ACTTTCACAGCGAACA-1,4
ACTTTCAGTGGTCCGT-1,1
AGACGTTTCCGGCACA-1,2
AGAGCTTGTAATTGGA-1,2
AGATCTGCAGATGGCA-1,2
AGCAGCCAGAGTGACC-1,5
AGCAGCCTCCGCGGTA-1,2
AGCCTAATCTGATTCT-1,5
AGCGGTCAGATGTGTA-1,1
AGCGTATAGCTGAACG-1,4
AGCTCCTAGAAACCTA-1,2
AGCTCTCAGAAGCCCA-1,3
AGGGAGTCAGCTCGCA-1,4
AGGGAGTTCGAGGTAG-1,1
AGGGTGAGTATGCTTG-1,2
AGTAGTCGTTGTCGCG-1,1
AGTCTTTGTATAGTAG-1,3
AGTGAGGGTCACCCAG-1,5
AGTGTCAGTAGGCATG-1,2
ATAGACCCAACTTGAC-1,1
ATAGACCCAATACGCT-1,5
ATAGACCCATTCTTAC-1,2
ATCGAGTTCGTCTGAA-1,4
ATCTGCCAGACTCGGA-1,3
ATGAGGGCACATCTTT-1,1
ATTACTCTCAACGGGA-1,1
ATTCTACGTGATGTGG-1,1
ATTCTACGTGTTTGGT-1,1
ATTCTACTCAAGGCTT-1,2
ATTGGACGTTAGAACA-1,2
CAACCAACAGAGTGTG-1,1
CAACTAGCAGGATTGG-1,2
CAAGATCGTAAGGGAA-1,1
CAAGTTGAGGAACTGC-1,4
CACAAACCAGTTCCCT-1,3
CACACAAGTCATCCCT-1,2
CACACCTGTCAGAATA-1,5
CACATAGTCTGGCGTG-1,2
CACCACTAGGCAGTCA-1,6
CACCAGGAGGCTCATT-1,2
CACCTTGGTAAGGGAA-1,2
CACCTTGGTTCTGAAC-1,2
CAGCTAAAGAGTCTGG-1,2
CATATGGGTAAATGAC-1,5
CATATTCTCGTCGTTC-1,1
CATCAAGCAGAAGCAC-1,1
CATCGAACAGTCAGAG-1,1
CATGACAAGATATGGT-1,7
CATGACAGTCAGTGGA-1,2
CATGACATCCCAGGTG-1,2
CATGGCGTCTGCAAGT-1,1
CATTATCCACTGCCAG-1,4
CATTCGCCACTGTCGG-1,3
CCACGGACATCCGCGA-1,4
CCACTACAGTAGCCGA-1,2
CCATTCGAGTGTCCCG-1,2
CCATTCGCACTGTCGG-1,3
CCATTCGTCAGGTTCA-1,2
CCCAGTTTCGGCGCTA-1,4
CCGGTAGCACTTCGAA-1,2
CCGGTAGTCGAATCCA-1,2
CCTAAAGCATAGACTC-1,1
CCTCAGTCATGTTGAC-1,3
CCTCTGACAACACCCG-1,4
CCTTCGAAGGAGTTTA-1,5
CCTTCGAGTCCAGTAT-1,2
CGAACATCACAGACTT-1,3
CGAACATCAGACTCGC-1,2
CGACCTTAGAAACGCC-1,3
CGACTTCAGGCATTGG-1,2
CGAGCACAGAGCCCAA-1,2
CGAGCCAAGTCGATAA-1,1
CGAGCCAGTGACGCCT-1,1
CGCTATCCAGTGGAGT-1,2
CGGACTGCAGATCCAT-1,3
CGGACTGGTATAGGGC-1,4
CGGAGCTGTGAGTGAC-1,5
CGGAGCTTCAGCGACC-1,2
CGGAGTCTCGCGATCG-1,2
CGGCTAGAGACTGTAA-1,1
CGGTTAACATAACCTG-1,2
CGTAGCGGTATATGGA-1,2
CGTAGGCTCTTTAGGG-1,2
CGTCACTAGGATGCGT-1,4
CGTCAGGTCAGCAACT-1,2
CGTCTACAGAGTAAGG-1,5
CGTCTACGTTCAACCA-1,1
CGTCTACTCAATAAGG-1,5
CGTGAGCGTTATCACG-1,3
CGTGAGCTCACCTCGT-1,5
CGTTCTGTCTCGAGTA-1,2
CGTTGGGCATGAAGTA-1,4
CTACACCAGCGATTCT-1,2
CTACATTTCCCGACTT-1,2
CTACCCACATATACCG-1,1
CTACGTCGTAGGAGTC-1,2
CTAGTGAGTTAAAGTG-1,1
CTAGTGATCTTCATGT-1,2
CTCGAAATCAAAGACA-1,2
CTCGAGGAGAGACTTA-1,1
CTCGAGGTCACTTACT-1,3
CTCGAGGTCCTTGGTC-1,1
CTCGGGAAGATCCTGT-1,2
CTCGTACAGCGATTCT-1,1
CTCGTACTCACCGTAA-1,2
CTGAAGTTCGTTTAGG-1,2
CTGATAGAGTGACATA-1,2
CTGATAGTCTGCAAGT-1,7
CTGATCCCAAATACAG-1,5
CTGATCCTCAAGATCC-1,1
CTGATCCTCGCAAGCC-1,1
CTGCCTAAGACACTAA-1,1
CTTAACTTCATAGCAC-1,2
CTTAGGATCAGATAAG-1,2
CTTCTCTCATGACATC-1,2
CTTCTCTTCCTTAATC-1,4
CTTCTCTTCGTCGTTC-1,1
CTTTGCGCAAGGCTCC-1,2
GAAATGAAGAGGTTAT-1,5
GAACATCAGGATGGTC-1,1
GAACATCAGTGAACGC-1,2
GAACATCCATCGTCGG-1,5
GAATGAAAGAATCTCC-1,4
GAATGAACAGCCTGTG-1,5
GACCTGGCAAGCTGGA-1,2
GACGTGCAGACGCACA-1,4
GACTAACAGAGGTAGA-1,2
GAGGTGACACCTCGGA-1,1
GAGTCCGTCACTGGGC-1,3
GATCGCGTCTTGCATT-1,4
GATGAGGAGGATGCGT-1,3
GCAAACTGTAAACACA-1,2
GCAGCCATCTAGCACA-1,2
GCATACAAGGTAGCCA-1,1
GCATGATTCAGCAACT-1,4
GCGAGAAAGCCAGTAG-1,2
GCGCAGTGTACCATCA-1,5
GCGCCAAAGTGTTGAA-1,2
GCTCTGTGTTTCCACC-1,2
GCTGCTTCAATAGCAA-1,1
GGAAAGCAGTGTTTGC-1,3
GGAACTTCACGAAATA-1,3
GGATGTTGTCTAGTGT-1,5
GGGAGATAGCGCCTCA-1,6
GGGCACTAGTTTGCGT-1,1
GGGCATCAGTCACGCC-1,5
GGGTCTGAGACCTAGG-1,2
GGGTCTGGTCATGCAT-1,2
GGTATTGCACTGTGTA-1,4
GGTATTGGTTCTGGTA-1,4
GGTGCGTCAATGAATG-1,2
GGTGCGTGTGGGTCAA-1,2
GGTGTTACACGTCTCT-1,1
GTACTCCGTACAGTGG-1,2
GTACTTTTCCAGGGCT-1,3
GTAGGCCGTTGGTTTG-1,2
GTAGTCAAGTCTCGGC-1,2
GTAGTCACAATGGATA-1,4
GTAGTCAGTCACCTAA-1,4
GTCAAGTCACGGTAGA-1,1
GTCAAGTCAGTTTACG-1,3
GTCGGGTGTTGCGCAC-1,2
GTCGTAAGTAATCGTC-1,2
GTCTCGTTCCTAGAAC-1,4
GTGAAGGGTGCAACGA-1,2
GTGCAGCGTACAAGTA-1,2
GTGCATAAGAAGATTC-1,2
GTGCGGTGTCACAAGG-1,5
GTGCTTCGTAAGTAGT-1,2
GTGTGCGTCTGGTATG-1,2
GTGTTAGGTACAGTTC-1,2
GTGTTAGGTTAAAGTG-1,2
TACCTATCACTTAACG-1,1
TACCTTAAGAGCCCAA-1,1
TACGGGCAGCTATGCT-1,3
TACGGGCTCTCGTTTA-1,2
TACGGTAAGATGTAAC-1,4
TACTCGCAGCGTAGTG-1,3
TACTTACCATCTCGCT-1,2
TACTTGTAGTTAACGA-1,1
TAGACCAAGCTAACTC-1,1
TAGAGCTCACGTCAGC-1,2
TAGCCGGGTGTGTGCC-1,4
TAGGCATAGAAACGCC-1,1
TAGGCATCAACTTGAC-1,5
TAGTTGGGTCAGATAA-1,2
TATCAGGAGTCAAGGC-1,2
TATGCCCTCCCTCAGT-1,2
TATTACCCAAAGCGGT-1,1
TCAACGACAGCGTTCG-1,2
TCAGGATCAACTGCGC-1,1
TCAGGTAGTGTGGTTT-1,2
TCAGGTATCGCGATCG-1,2
TCCCGATAGTGTACTC-1,1
TCCCGATCACATGTGT-1,4
TCCCGATTCACCCTCA-1,2
TCGAGGCAGTGCAAGC-1,5
TCGCGAGAGAAACCTA-1,2
TCGCGTTAGCTGCCCA-1,1
TCGCGTTCACAGTCGC-1,5
TCGCGTTTCACAGGCC-1,2
TCGCGTTTCCGTACAA-1,1
TCGGTAAGTATAGTAG-1,3
TCGGTAAGTCTAGTCA-1,2
TCGTACCCAATAACGA-1,1
TCTCATAGTATCGCAT-1,2
TCTGAGATCTCACATT-1,2
TCTGGAAAGTAGTGCG-1,2
TGACAACGTTTGGCGC-1,5
TGACAACTCAACGGGA-1,4
TGACTTTCATTCCTCG-1,4
TGACTTTTCCGATATG-1,1
TGAGCATCACTTAAGC-1,3
TGAGCCGTCATCTGTT-1,4
TGAGGGAAGGCATGGT-1,2
TGATTTCTCACGCGGT-1,1
TGATTTCTCCAAACAC-1,1
TGCCAAAAGGATGCGT-1,2
TGCCAAACATGAAGTA-1,8
TGCGGGTAGAGTAATC-1,2
TGCGGGTAGCAGACTG-1,5
TGCTGCTCAGATAATG-1,1
TGCTGCTCATTACGAC-1,2
TGGACGCTCAACTCTT-1,5
TGGCCAGTCAGGATCT-1,2
TGGCTGGTCTACCTGC-1,3
TGGGAAGGTCGCTTCT-1,2
TGGGCGTGTGCAACTT-1,5
TGGGCGTTCACGACTA-1,2
TTAGGACGTAATCGTC-1,2
TTAGTTCGTATCACCA-1,2
TTCTACAAGGCTATCT-1,2
TTCTCAACAGTAACGG-1,4
TTGAACGCACGAAGCA-1,5
TTGACTTCAGGTCGTC-1,2
TTGACTTTCGTTGACA-1,2
TTGCGTCCATGGAATA-1,2
TTGGAACGTGTTTGTG-1,7
TTTACTGTCCCTGACT-1,1
TTTCCTCGTACACCGC-1,1
