GRCh38-2020-A-chr21,AAACCTGAGAATAGGG-1
GRCh38-2020-A-chr21,AAACCTGAGAGCTGGT-1
GRCh38-2020-A-chr21,AAACCTGAGCGTTGCC-1
GRCh38-2020-A-chr21,AAACCTGCAAGCTGTT-1
GRCh38-2020-A-chr21,AAACCTGCATCACCCT-1
GRCh38-2020-A-chr21,AAACCTGTCATGTCTT-1
GRCh38-2020-A-chr21,AAACGGGAGCCCGAAA-1
GRCh38-2020-A-chr21,AAACGGGAGCGAAGGG-1
GRCh38-2020-A-chr21,AAACGGGAGGACATTA-1
GRCh38-2020-A-chr21,AAACGGGCACCAACCG-1
GRCh38-2020-A-chr21,AAACGGGGTCTTTCAT-1
GRCh38-2020-A-chr21,AAACGGGTCACTTATC-1
GRCh38-2020-A-chr21,AAACGGGTCCTAGTGA-1
GRCh38-2020-A-chr21,AAACGGGTCGGACAAG-1
GRCh38-2020-A-chr21,AAAGATGGTGCGGTAA-1
GRCh38-2020-A-chr21,AAAGATGTCACCACCT-1
GRCh38-2020-A-chr21,AAAGCAAAGATCCTGT-1
GRCh38-2020-A-chr21,AAAGCAAAGGAGTACC-1
GRCh38-2020-A-chr21,AAAGCAAAGTGGACGT-1
GRCh38-2020-A-chr21,AAAGCAACAATAAGCA-1
GRCh38-2020-A-chr21,AAAGCAAGTATTCGTG-1
GRCh38-2020-A-chr21,AAAGCAAGTGGCTCCA-1
GRCh38-2020-A-chr21,AAAGCAATCACCTCGT-1
GRCh38-2020-A-chr21,AAAGCAATCATCTGTT-1
GRCh38-2020-A-chr21,AAAGTAGAGCGTCAAG-1
GRCh38-2020-A-chr21,AAAGTAGAGGTAAACT-1
GRCh38-2020-A-chr21,AAAGTAGCAACCGCCA-1
GRCh38-2020-A-chr21,AAAGTAGCACGGACAA-1
GRCh38-2020-A-chr21,AAAGTAGCATTCCTCG-1
GRCh38-2020-A-chr21,AAAGTAGGTTCGTCTC-1
GRCh38-2020-A-chr21,AAATGCCAGACGCAAC-1
GRCh38-2020-A-chr21,AAATGCCAGTAACCCT-1
GRCh38-2020-A-chr21,AAATGCCCAAGGTGTG-1
GRCh38-2020-A-chr21,AAATGCCGTGTAATGA-1
GRCh38-2020-A-chr21,AACACGTAGAGCTGGT-1
GRCh38-2020-A-chr21,AACACGTAGGCATGGT-1
GRCh38-2020-A-chr21,AACACGTAGGGAACGG-1
GRCh38-2020-A-chr21,AACACGTCACGCTTTC-1
GRCh38-2020-A-chr21,AACACGTCACGGTTTA-1
GRCh38-2020-A-chr21,AACACGTCACTATCTT-1
GRCh38-2020-A-chr21,AACACGTGTCTAGCCG-1
GRCh38-2020-A-chr21,AACACGTTCCTTGCCA-1
GRCh38-2020-A-chr21,AACCATGAGACTGGGT-1
GRCh38-2020-A-chr21,AACCATGCAACCGCCA-1
GRCh38-2020-A-chr21,AACCATGCATGTTCCC-1
GRCh38-2020-A-chr21,AACCATGGTCTTCTCG-1
GRCh38-2020-A-chr21,AACCATGGTTCCGTCT-1
GRCh38-2020-A-chr21,AACCATGGTTCTGTTT-1
GRCh38-2020-A-chr21,AACCATGTCCCATTTA-1
GRCh38-2020-A-chr21,AACCATGTCGGAATCT-1
GRCh38-2020-A-chr21,AACCATGTCGTGGACC-1
GRCh38-2020-A-chr21,AACCATGTCTTACCGC-1
GRCh38-2020-A-chr21,AACCGCGAGAAAGTGG-1
GRCh38-2020-A-chr21,AACCGCGAGCTACCGC-1
GRCh38-2020-A-chr21,AACCGCGAGTCACGCC-1
GRCh38-2020-A-chr21,AACCGCGGTACTCAAC-1
GRCh38-2020-A-chr21,AACCGCGGTGAGTATA-1
GRCh38-2020-A-chr21,AACGTTGAGACATAAC-1
GRCh38-2020-A-chr21,AACGTTGAGATCGATA-1
GRCh38-2020-A-chr21,AACGTTGAGATCTGAA-1
GRCh38-2020-A-chr21,AACGTTGAGCACCGCT-1
GRCh38-2020-A-chr21,AACGTTGAGCCCAGCT-1
GRCh38-2020-A-chr21,AACGTTGAGTGAACAT-1
GRCh38-2020-A-chr21,AACGTTGCACGTCTCT-1
GRCh38-2020-A-chr21,AACGTTGCAGTGAGTG-1
GRCh38-2020-A-chr21,AACGTTGGTCGAATCT-1
GRCh38-2020-A-chr21,AACGTTGTCATCGGAT-1
GRCh38-2020-A-chr21,AACGTTGTCATGTAGC-1
GRCh38-2020-A-chr21,AACTCAGAGGCTCATT-1
GRCh38-2020-A-chr21,AACTCAGAGGGAAACA-1
GRCh38-2020-A-chr21,AACTCAGAGTGAATTG-1
GRCh38-2020-A-chr21,AACTCAGGTCGATTGT-1
GRCh38-2020-A-chr21,AACTCAGGTCTGATTG-1
GRCh38-2020-A-chr21,AACTCAGTCGGTCCGA-1
GRCh38-2020-A-chr21,AACTCAGTCGTTGCCT-1
GRCh38-2020-A-chr21,AACTCAGTCTGACCTC-1
GRCh38-2020-A-chr21,AACTCCCAGAATTGTG-1
GRCh38-2020-A-chr21,AACTCCCCACCACGTG-1
GRCh38-2020-A-chr21,AACTCCCCATCGACGC-1
GRCh38-2020-A-chr21,AACTCCCGTGCGATAG-1
GRCh38-2020-A-chr21,AACTCCCTCAGTACGT-1
GRCh38-2020-A-chr21,AACTCTTAGACTCGGA-1
GRCh38-2020-A-chr21,AACTCTTCACCATCCT-1
GRCh38-2020-A-chr21,AACTCTTGTGGTTTCA-1
GRCh38-2020-A-chr21,AACTCTTTCATGCTCC-1
GRCh38-2020-A-chr21,AACTGGTAGCATGGCA-1
GRCh38-2020-A-chr21,AACTGGTAGGAATGGA-1
GRCh38-2020-A-chr21,AACTGGTAGGAGTTGC-1
GRCh38-2020-A-chr21,AACTGGTCAGGTTTCA-1
GRCh38-2020-A-chr21,AACTGGTCATACGCTA-1
GRCh38-2020-A-chr21,AACTGGTGTGCACCAC-1
GRCh38-2020-A-chr21,AACTGGTGTGCGCTTG-1
GRCh38-2020-A-chr21,AACTGGTTCCCAAGTA-1
GRCh38-2020-A-chr21,AACTGGTTCTGTGCAA-1
GRCh38-2020-A-chr21,AACTTTCAGAGTCGGT-1
GRCh38-2020-A-chr21,AACTTTCAGTGGCACA-1
GRCh38-2020-A-chr21,AACTTTCCAAGGACAC-1
GRCh38-2020-A-chr21,AACTTTCCAGACAAAT-1
GRCh38-2020-A-chr21,AACTTTCCATGACATC-1
GRCh38-2020-A-chr21,AACTTTCGTAAGGGAA-1
GRCh38-2020-A-chr21,AACTTTCGTTCCATGA-1
GRCh38-2020-A-chr21,AACTTTCGTTGATTGC-1
GRCh38-2020-A-chr21,AACTTTCTCAGAGGTG-1
GRCh38-2020-A-chr21,AACTTTCTCCAGAGGA-1
GRCh38-2020-A-chr21,AACTTTCTCTTGTATC-1
GRCh38-2020-A-chr21,AAGACCTAGATGTGTA-1
GRCh38-2020-A-chr21,AAGACCTAGCCGCCTA-1
GRCh38-2020-A-chr21,AAGACCTAGCGTCTAT-1
GRCh38-2020-A-chr21,AAGACCTAGTGTGGCA-1
GRCh38-2020-A-chr21,AAGACCTTCGGCGGTT-1
GRCh38-2020-A-chr21,AAGCCGCAGGTGACCA-1
GRCh38-2020-A-chr21,AAGCCGCCATTATCTC-1
GRCh38-2020-A-chr21,AAGCCGCGTCGTTGTA-1
GRCh38-2020-A-chr21,AAGCCGCTCCAAACTG-1
GRCh38-2020-A-chr21,AAGCCGCTCGGTTCGG-1
GRCh38-2020-A-chr21,AAGGAGCAGAGCTATA-1
GRCh38-2020-A-chr21,AAGGAGCAGATGGCGT-1
GRCh38-2020-A-chr21,AAGGAGCCACAAGCCC-1
GRCh38-2020-A-chr21,AAGGAGCCACACAGAG-1
GRCh38-2020-A-chr21,AAGGAGCCATTGAGCT-1
GRCh38-2020-A-chr21,AAGGAGCGTATAGTAG-1
GRCh38-2020-A-chr21,AAGGAGCGTCAAGCGA-1
GRCh38-2020-A-chr21,AAGGAGCGTTAAGGGC-1
GRCh38-2020-A-chr21,AAGGAGCGTTCACGGC-1
GRCh38-2020-A-chr21,AAGGCAGAGCCAGGAT-1
GRCh38-2020-A-chr21,AAGGCAGAGCGATAGC-1
GRCh38-2020-A-chr21,AAGGCAGAGGCGCTCT-1
GRCh38-2020-A-chr21,AAGGCAGCAGGAATGC-1
GRCh38-2020-A-chr21,AAGGCAGGTAGCCTCG-1
GRCh38-2020-A-chr21,AAGGCAGTCTTGCCGT-1
GRCh38-2020-A-chr21,AAGGTTCAGCTAAACA-1
GRCh38-2020-A-chr21,AAGGTTCAGCTTCGCG-1
GRCh38-2020-A-chr21,AAGGTTCCATTGGCGC-1
GRCh38-2020-A-chr21,AAGGTTCGTAAATGAC-1
GRCh38-2020-A-chr21,AAGGTTCGTGCAGACA-1
GRCh38-2020-A-chr21,AAGGTTCTCAAGCCTA-1
GRCh38-2020-A-chr21,AAGGTTCTCACCTCGT-1
GRCh38-2020-A-chr21,AAGGTTCTCATCGCTC-1
GRCh38-2020-A-chr21,AAGGTTCTCCACTCCA-1
GRCh38-2020-A-chr21,AAGGTTCTCCCTTGTG-1
GRCh38-2020-A-chr21,AAGGTTCTCTCAAACG-1
GRCh38-2020-A-chr21,AAGTCTGAGACTGTAA-1
GRCh38-2020-A-chr21,AAGTCTGAGCAGATCG-1
GRCh38-2020-A-chr21,AAGTCTGCAGTTCATG-1
GRCh38-2020-A-chr21,AAGTCTGCATCTCGCT-1
GRCh38-2020-A-chr21,AATCCAGAGATCGATA-1
GRCh38-2020-A-chr21,AATCCAGCAATAACGA-1
GRCh38-2020-A-chr21,AATCCAGCACCACCAG-1
GRCh38-2020-A-chr21,AATCCAGGTAAGTGGC-1
GRCh38-2020-A-chr21,AATCCAGGTAATCGTC-1
GRCh38-2020-A-chr21,AATCCAGGTCAGAATA-1
GRCh38-2020-A-chr21,AATCCAGGTCTGATTG-1
GRCh38-2020-A-chr21,AATCGGTAGAGCTGGT-1
GRCh38-2020-A-chr21,AATCGGTAGGCTCTTA-1
GRCh38-2020-A-chr21,AATCGGTCACATCCAA-1
GRCh38-2020-A-chr21,AATCGGTCACGTCAGC-1
GRCh38-2020-A-chr21,AATCGGTCACTGTCGG-1
GRCh38-2020-A-chr21,AATCGGTCATAACCTG-1
GRCh38-2020-A-chr21,AATCGGTCATTTCACT-1
GRCh38-2020-A-chr21,AATCGGTGTAAAGTCA-1
GRCh38-2020-A-chr21,AATCGGTGTCAAACTC-1
GRCh38-2020-A-chr21,AATCGGTGTTCGAATC-1
GRCh38-2020-A-chr21,AATCGGTTCACCGGGT-1
GRCh38-2020-A-chr21,ACACCAAGTAGCGCTC-1
GRCh38-2020-A-chr21,ACACCAAGTAGCTGCC-1
GRCh38-2020-A-chr21,ACACCAAGTCCAAGTT-1
GRCh38-2020-A-chr21,ACACCAATCTTGCCGT-1
GRCh38-2020-A-chr21,ACACCCTAGCATGGCA-1
GRCh38-2020-A-chr21,ACACCCTCAATAACGA-1
GRCh38-2020-A-chr21,ACACCCTCAGTGACAG-1
GRCh38-2020-A-chr21,ACACCCTGTAAGCACG-1
GRCh38-2020-A-chr21,ACACCCTGTCTCCCTA-1
GRCh38-2020-A-chr21,ACACCCTGTTGGAGGT-1
GRCh38-2020-A-chr21,ACACCCTTCCTGCTTG-1
GRCh38-2020-A-chr21,ACACCCTTCGAACGGA-1
GRCh38-2020-A-chr21,ACACCGGAGAAGATTC-1
GRCh38-2020-A-chr21,ACACCGGAGCGTAGTG-1
GRCh38-2020-A-chr21,ACACCGGAGGCTCAGA-1
GRCh38-2020-A-chr21,ACACCGGAGTAATCCC-1
GRCh38-2020-A-chr21,ACACCGGCAAGTAGTA-1
GRCh38-2020-A-chr21,ACACCGGCAATCGAAA-1
GRCh38-2020-A-chr21,ACACCGGCACGAAGCA-1
GRCh38-2020-A-chr21,ACACCGGGTGAGGCTA-1
GRCh38-2020-A-chr21,ACACCGGTCAAAGTAG-1
GRCh38-2020-A-chr21,ACACCGGTCCTGCAGG-1
GRCh38-2020-A-chr21,ACACCGGTCCTGCCAT-1
GRCh38-2020-A-chr21,ACACTGACAATGTTGC-1
GRCh38-2020-A-chr21,ACACTGACACATTCGA-1
GRCh38-2020-A-chr21,ACACTGACACTCTGTC-1
GRCh38-2020-A-chr21,ACACTGAGTGTCGCTG-1
GRCh38-2020-A-chr21,ACACTGAGTTTAGCTG-1
GRCh38-2020-A-chr21,ACACTGATCGGCGGTT-1
GRCh38-2020-A-chr21,ACACTGATCGGCTTGG-1
GRCh38-2020-A-chr21,ACACTGATCGTCCGTT-1
GRCh38-2020-A-chr21,ACAGCCGAGACAAGCC-1
GRCh38-2020-A-chr21,ACAGCCGAGACTTTCG-1
GRCh38-2020-A-chr21,ACAGCCGAGATAGGAG-1
GRCh38-2020-A-chr21,ACAGCCGAGGGTGTTG-1
GRCh38-2020-A-chr21,ACAGCCGCAAAGGAAG-1
GRCh38-2020-A-chr21,ACAGCCGCAAGCCGTC-1
GRCh38-2020-A-chr21,ACAGCCGCAGCTGCAC-1
GRCh38-2020-A-chr21,ACAGCCGCATCAGTCA-1
GRCh38-2020-A-chr21,ACAGCCGCATGCGCAC-1
GRCh38-2020-A-chr21,ACAGCTAAGATGTTAG-1
GRCh38-2020-A-chr21,ACAGCTAAGCTCCTTC-1
GRCh38-2020-A-chr21,ACAGCTACAGCTATTG-1
GRCh38-2020-A-chr21,ACAGCTAGTACATGTC-1
GRCh38-2020-A-chr21,ACAGCTAGTACCGTAT-1
GRCh38-2020-A-chr21,ACAGCTAGTCAATGTC-1
GRCh38-2020-A-chr21,ACAGCTAGTTCGTTGA-1
GRCh38-2020-A-chr21,ACAGCTAGTTGCGTTA-1
GRCh38-2020-A-chr21,ACAGCTATCACTCCTG-1
GRCh38-2020-A-chr21,ACAGCTATCCAGGGCT-1
GRCh38-2020-A-chr21,ACAGCTATCCTAAGTG-1
GRCh38-2020-A-chr21,ACAGCTATCGAACGGA-1
GRCh38-2020-A-chr21,ACATACGAGAGTCTGG-1
GRCh38-2020-A-chr21,ACATACGAGCAATCTC-1
GRCh38-2020-A-chr21,ACATACGAGGTGACCA-1
GRCh38-2020-A-chr21,ACATACGCAAGGTTTC-1
GRCh38-2020-A-chr21,ACATACGCACACGCTG-1
GRCh38-2020-A-chr21,ACATACGCAGGACGTA-1
GRCh38-2020-A-chr21,ACATACGGTCTGCCAG-1
GRCh38-2020-A-chr21,ACATCAGAGATGTAAC-1
GRCh38-2020-A-chr21,ACATCAGAGGAACTGC-1
GRCh38-2020-A-chr21,ACATCAGAGGCTCATT-1
GRCh38-2020-A-chr21,ACATCAGCAATTCCTT-1
GRCh38-2020-A-chr21,ACATCAGCAGATCGGA-1
GRCh38-2020-A-chr21,ACATCAGTCAGTACGT-1
GRCh38-2020-A-chr21,ACATCAGTCCTCGCAT-1
GRCh38-2020-A-chr21,ACATCAGTCTCGATGA-1
GRCh38-2020-A-chr21,ACATCAGTCTGTTGAG-1
GRCh38-2020-A-chr21,ACATGGTAGACAGAGA-1
GRCh38-2020-A-chr21,ACATGGTAGCTGGAAC-1
GRCh38-2020-A-chr21,ACATGGTAGTGAACAT-1
GRCh38-2020-A-chr21,ACATGGTCACGTCAGC-1
GRCh38-2020-A-chr21,ACATGGTGTACTTGAC-1
GRCh38-2020-A-chr21,ACATGGTGTAGCGTCC-1
GRCh38-2020-A-chr21,ACATGGTTCCCTAACC-1
GRCh38-2020-A-chr21,ACATGGTTCGGGAGTA-1
GRCh38-2020-A-chr21,ACATGGTTCGTACGGC-1
GRCh38-2020-A-chr21,ACATGGTTCTCCAACC-1
GRCh38-2020-A-chr21,ACCAGTAAGCTACCTA-1
GRCh38-2020-A-chr21,ACCAGTAAGTGTTAGA-1
GRCh38-2020-A-chr21,ACCAGTACAACTGCTA-1
GRCh38-2020-A-chr21,ACCAGTACAATAGCGG-1
GRCh38-2020-A-chr21,ACCAGTACACGAGAGT-1
GRCh38-2020-A-chr21,ACCAGTACATGACGGA-1
GRCh38-2020-A-chr21,ACCAGTAGTGTGAAAT-1
GRCh38-2020-A-chr21,ACCAGTAGTTCCAACA-1
GRCh38-2020-A-chr21,ACCAGTAGTTCCCTTG-1
GRCh38-2020-A-chr21,ACCAGTATCCTTGGTC-1
GRCh38-2020-A-chr21,ACCAGTATCGGTCCGA-1
GRCh38-2020-A-chr21,ACCAGTATCTCTTATG-1
GRCh38-2020-A-chr21,ACCCACTAGTTCCACA-1
GRCh38-2020-A-chr21,ACCCACTCAAGTTGTC-1
GRCh38-2020-A-chr21,ACCCACTCACACGCTG-1
GRCh38-2020-A-chr21,ACCCACTCAGCTCGCA-1
GRCh38-2020-A-chr21,ACCCACTCATATACGC-1
GRCh38-2020-A-chr21,ACCCACTGTACCGTTA-1
GRCh38-2020-A-chr21,ACCCACTGTATAGTAG-1
GRCh38-2020-A-chr21,ACCCACTGTCAAAGCG-1
GRCh38-2020-A-chr21,ACCCACTGTCAGCTAT-1
GRCh38-2020-A-chr21,ACCCACTTCGGTTCGG-1
GRCh38-2020-A-chr21,ACCGTAAAGAGCTGGT-1
GRCh38-2020-A-chr21,ACCGTAAAGCAGCGTA-1
GRCh38-2020-A-chr21,ACCGTAAAGCGTTGCC-1
GRCh38-2020-A-chr21,ACCGTAAAGTACGTAA-1
GRCh38-2020-A-chr21,ACCGTAACATTCTCAT-1
GRCh38-2020-A-chr21,ACCGTAAGTAGCGTAG-1
GRCh38-2020-A-chr21,ACCGTAAGTTGGAGGT-1
GRCh38-2020-A-chr21,ACCTTTATCAGTGTTG-1
GRCh38-2020-A-chr21,ACCTTTATCCAAGCCG-1
GRCh38-2020-A-chr21,ACCTTTATCCACTCCA-1
GRCh38-2020-A-chr21,ACCTTTATCCGGGTGT-1
GRCh38-2020-A-chr21,ACCTTTATCGCGGATC-1
GRCh38-2020-A-chr21,ACCTTTATCTAAGCCA-1
GRCh38-2020-A-chr21,ACCTTTATCTTCTGGC-1
GRCh38-2020-A-chr21,ACGAGCCAGCTCCTTC-1
GRCh38-2020-A-chr21,ACGAGCCCATCTGGTA-1
GRCh38-2020-A-chr21,ACGAGCCCATTATCTC-1
GRCh38-2020-A-chr21,ACGAGCCTCACATAGC-1
GRCh38-2020-A-chr21,ACGAGGAAGCCCAATT-1
GRCh38-2020-A-chr21,ACGAGGAAGCTGATAA-1
GRCh38-2020-A-chr21,ACGAGGAAGGCCGAAT-1
GRCh38-2020-A-chr21,ACGAGGAAGTAATCCC-1
GRCh38-2020-A-chr21,ACGAGGACAAACCTAC-1
GRCh38-2020-A-chr21,ACGAGGACAAAGCAAT-1
GRCh38-2020-A-chr21,ACGAGGACAAGCTGTT-1
GRCh38-2020-A-chr21,ACGATACAGGGCTCTC-1
GRCh38-2020-A-chr21,ACGATACAGTCCGGTC-1
GRCh38-2020-A-chr21,ACGATACCAATGTTGC-1
GRCh38-2020-A-chr21,ACGATACCAGGATTGG-1
GRCh38-2020-A-chr21,ACGATACGTCACCTAA-1
GRCh38-2020-A-chr21,ACGATACGTGAAGGCT-1
GRCh38-2020-A-chr21,ACGATACGTGTGGCTC-1
GRCh38-2020-A-chr21,ACGATACGTTATGCGT-1
GRCh38-2020-A-chr21,ACGATACGTTTGGGCC-1
GRCh38-2020-A-chr21,ACGATACTCCACGACG-1
GRCh38-2020-A-chr21,ACGATACTCCAGAAGG-1
GRCh38-2020-A-chr21,ACGATACTCCCTAACC-1
GRCh38-2020-A-chr21,ACGATGTAGCTCCTTC-1
GRCh38-2020-A-chr21,ACGATGTAGGGCATGT-1
GRCh38-2020-A-chr21,ACGATGTCAGATAATG-1
GRCh38-2020-A-chr21,ACGATGTCAGCGATCC-1
GRCh38-2020-A-chr21,ACGATGTGTCTCTTAT-1
GRCh38-2020-A-chr21,ACGATGTTCGTTTGCC-1
GRCh38-2020-A-chr21,ACGATGTTCTGCGGCA-1
GRCh38-2020-A-chr21,ACGCAGCAGCTTCGCG-1
GRCh38-2020-A-chr21,ACGCAGCAGTGGTAGC-1
GRCh38-2020-A-chr21,ACGCAGCCAGGATCGA-1
GRCh38-2020-A-chr21,ACGCAGCCAGGGTATG-1
GRCh38-2020-A-chr21,ACGCAGCGTAGCGTGA-1
GRCh38-2020-A-chr21,ACGCAGCGTGGGTCAA-1
GRCh38-2020-A-chr21,ACGCAGCTCCCTCAGT-1
GRCh38-2020-A-chr21,ACGCCAGAGTAACCCT-1
GRCh38-2020-A-chr21,ACGCCAGAGTAGTGCG-1
GRCh38-2020-A-chr21,ACGCCAGAGTCAAGCG-1
GRCh38-2020-A-chr21,ACGCCAGCAACTGCTA-1
GRCh38-2020-A-chr21,ACGCCAGCACACCGAC-1
GRCh38-2020-A-chr21,ACGCCAGGTCTCTCTG-1
GRCh38-2020-A-chr21,ACGCCAGGTTCCTCCA-1
GRCh38-2020-A-chr21,ACGCCAGTCCAAACAC-1
GRCh38-2020-A-chr21,ACGCCAGTCCTCAACC-1
GRCh38-2020-A-chr21,ACGCCAGTCCTTGACC-1
GRCh38-2020-A-chr21,ACGCCGAAGATCTGAA-1
GRCh38-2020-A-chr21,ACGCCGAAGATGTAAC-1
GRCh38-2020-A-chr21,ACGCCGAAGCGGCTTC-1
GRCh38-2020-A-chr21,ACGCCGAAGCTGGAAC-1
GRCh38-2020-A-chr21,ACGCCGAAGTGGAGTC-1
GRCh38-2020-A-chr21,ACGCCGACAGTATAAG-1
GRCh38-2020-A-chr21,ACGCCGAGTGCAACGA-1
GRCh38-2020-A-chr21,ACGCCGAGTTTGACAC-1
GRCh38-2020-A-chr21,ACGCCGATCAGCTCGG-1
GRCh38-2020-A-chr21,ACGCCGATCCTGCTTG-1
GRCh38-2020-A-chr21,ACGCCGATCGTACCGG-1
GRCh38-2020-A-chr21,ACGGAGACATATGGTC-1
GRCh38-2020-A-chr21,ACGGAGAGTGCGATAG-1
GRCh38-2020-A-chr21,ACGGAGAGTTCAGCGC-1
GRCh38-2020-A-chr21,ACGGAGATCAATCACG-1
GRCh38-2020-A-chr21,ACGGAGATCCTAAGTG-1
GRCh38-2020-A-chr21,ACGGAGATCGCGATCG-1
GRCh38-2020-A-chr21,ACGGCCAAGGAGTTTA-1
GRCh38-2020-A-chr21,ACGGCCAAGGGCTTGA-1
GRCh38-2020-A-chr21,ACGGCCACAGGGTTAG-1
GRCh38-2020-A-chr21,ACGGCCAGTTATTCTC-1
GRCh38-2020-A-chr21,ACGGCCAGTTGCGCAC-1
GRCh38-2020-A-chr21,ACGGCCATCGTCCAGG-1
GRCh38-2020-A-chr21,ACGGGCTAGGGTCTCC-1
GRCh38-2020-A-chr21,ACGGGCTCACCTCGGA-1
GRCh38-2020-A-chr21,ACGGGCTGTATGAATG-1
GRCh38-2020-A-chr21,ACGGGCTGTATTCTCT-1
GRCh38-2020-A-chr21,ACGGGCTGTGGAAAGA-1
GRCh38-2020-A-chr21,ACGGGCTTCAGAGCTT-1
GRCh38-2020-A-chr21,ACGGGTCAGGCGATAC-1
GRCh38-2020-A-chr21,ACGGGTCAGGGCTCTC-1
GRCh38-2020-A-chr21,ACGGGTCAGTGGACGT-1
GRCh38-2020-A-chr21,ACGGGTCCAAGTCTAC-1
GRCh38-2020-A-chr21,ACGGGTCGTCTGCAAT-1
GRCh38-2020-A-chr21,ACGGGTCTCGTCCAGG-1
GRCh38-2020-A-chr21,ACGTCAAAGGCTCAGA-1
GRCh38-2020-A-chr21,ACGTCAACAAGAAAGG-1
GRCh38-2020-A-chr21,ACGTCAACAATGGAGC-1
GRCh38-2020-A-chr21,ACGTCAAGTCTAAACC-1
GRCh38-2020-A-chr21,ACGTCAAGTGATAAGT-1
GRCh38-2020-A-chr21,ACGTCAATCACCATAG-1
GRCh38-2020-A-chr21,ACGTCAATCCCTTGTG-1
GRCh38-2020-A-chr21,ACGTCAATCTGACCTC-1
GRCh38-2020-A-chr21,ACTATCTAGCTGCCCA-1
GRCh38-2020-A-chr21,ACTATCTCACATGACT-1
GRCh38-2020-A-chr21,ACTATCTCAGATCTGT-1
GRCh38-2020-A-chr21,ACTATCTGTAGAGGAA-1
GRCh38-2020-A-chr21,ACTATCTGTCGACTAT-1
GRCh38-2020-A-chr21,ACTATCTTCAATCACG-1
GRCh38-2020-A-chr21,ACTGAACAGAGTCGGT-1
GRCh38-2020-A-chr21,ACTGAACAGCCCAATT-1
GRCh38-2020-A-chr21,ACTGAACAGCCCTAAT-1
GRCh38-2020-A-chr21,ACTGAACAGCGATAGC-1
GRCh38-2020-A-chr21,ACTGAACAGCGGATCA-1
GRCh38-2020-A-chr21,ACTGAACCACAAGACG-1
GRCh38-2020-A-chr21,ACTGAACCACGGTTTA-1
GRCh38-2020-A-chr21,ACTGAACCAGCTGCAC-1
GRCh38-2020-A-chr21,ACTGAACGTCTCTTTA-1
GRCh38-2020-A-chr21,ACTGAACTCCATGAAC-1
GRCh38-2020-A-chr21,ACTGAGTCATAACCTG-1
GRCh38-2020-A-chr21,ACTGAGTTCACAACGT-1
GRCh38-2020-A-chr21,ACTGTCCCACGCATCG-1
GRCh38-2020-A-chr21,ACTTTCACAGCGAACA-1
GRCh38-2020-A-chr21,ACTTTCAGTGGTCCGT-1
GRCh38-2020-A-chr21,AGACGTTTCCGGCACA-1
GRCh38-2020-A-chr21,AGAGCTTGTAATTGGA-1
GRCh38-2020-A-chr21,AGATCTGCAGATGGCA-1
GRCh38-2020-A-chr21,AGCAGCCAGAGTGACC-1
GRCh38-2020-A-chr21,AGCAGCCTCCGCGGTA-1
GRCh38-2020-A-chr21,AGCCTAATCTGATTCT-1
GRCh38-2020-A-chr21,AGCGGTCAGATGTGTA-1
GRCh38-2020-A-chr21,AGCGTATAGCTGAACG-1
GRCh38-2020-A-chr21,AGCTCCTAGAAACCTA-1
GRCh38-2020-A-chr21,AGCTCTCAGAAGCCCA-1
GRCh38-2020-A-chr21,AGGGAGTCAGCTCGCA-1
GRCh38-2020-A-chr21,AGGGAGTTCGAGGTAG-1
GRCh38-2020-A-chr21,AGGGTGAGTATGCTTG-1
GRCh38-2020-A-chr21,AGTAGTCGTTGTCGCG-1
GRCh38-2020-A-chr21,AGTCTTTGTATAGTAG-1
GRCh38-2020-A-chr21,AGTGAGGGTCACCCAG-1
GRCh38-2020-A-chr21,AGTGTCAGTAGGCATG-1
GRCh38-2020-A-chr21,ATAGACCCAACTTGAC-1
GRCh38-2020-A-chr21,ATAGACCCAATACGCT-1
GRCh38-2020-A-chr21,ATAGACCCATTCTTAC-1
GRCh38-2020-A-chr21,ATCGAGTTCGTCTGAA-1
GRCh38-2020-A-chr21,ATCTGCCAGACTCGGA-1
GRCh38-2020-A-chr21,ATGAGGGCACATCTTT-1
GRCh38-2020-A-chr21,ATTACTCTCAACGGGA-1
GRCh38-2020-A-chr21,ATTCTACGTGATGTGG-1
GRCh38-2020-A-chr21,ATTCTACGTGTTTGGT-1
GRCh38-2020-A-chr21,ATTCTACTCAAGGCTT-1
GRCh38-2020-A-chr21,ATTGGACGTTAGAACA-1
GRCh38-2020-A-chr21,CAACCAACAGAGTGTG-1
GRCh38-2020-A-chr21,CAACTAGCAGGATTGG-1
GRCh38-2020-A-chr21,CAAGATCGTAAGGGAA-1
GRCh38-2020-A-chr21,CAAGTTGAGGAACTGC-1
GRCh38-2020-A-chr21,CACAAACCAGTTCCCT-1
GRCh38-2020-A-chr21,CACACAAGTCATCCCT-1
GRCh38-2020-A-chr21,CACACCTGTCAGAATA-1
GRCh38-2020-A-chr21,CACATAGTCTGGCGTG-1
GRCh38-2020-A-chr21,CACCACTAGGCAGTCA-1
GRCh38-2020-A-chr21,CACCAGGAGGCTCATT-1
GRCh38-2020-A-chr21,CACCTTGGTAAGGGAA-1
GRCh38-2020-A-chr21,CACCTTGGTTCTGAAC-1
GRCh38-2020-A-chr21,CAGCTAAAGAGTCTGG-1
GRCh38-2020-A-chr21,CATATGGGTAAATGAC-1
GRCh38-2020-A-chr21,CATATTCTCGTCGTTC-1
GRCh38-2020-A-chr21,CATCAAGCAGAAGCAC-1
GRCh38-2020-A-chr21,CATCGAACAGTCAGAG-1
GRCh38-2020-A-chr21,CATGACAAGATATGGT-1
GRCh38-2020-A-chr21,CATGACAGTCAGTGGA-1
GRCh38-2020-A-chr21,CATGACATCCCAGGTG-1
GRCh38-2020-A-chr21,CATGGCGTCTGCAAGT-1
GRCh38-2020-A-chr21,CATTATCCACTGCCAG-1
GRCh38-2020-A-chr21,CATTCGCCACTGTCGG-1
GRCh38-2020-A-chr21,CCACGGACATCCGCGA-1
GRCh38-2020-A-chr21,CCACTACAGTAGCCGA-1
GRCh38-2020-A-chr21,CCATTCGAGTGTCCCG-1
GRCh38-2020-A-chr21,CCATTCGCACTGTCGG-1
GRCh38-2020-A-chr21,CCATTCGTCAGGTTCA-1
GRCh38-2020-A-chr21,CCCAGTTTCGGCGCTA-1
GRCh38-2020-A-chr21,CCGGTAGCACTTCGAA-1
GRCh38-2020-A-chr21,CCGGTAGTCGAATCCA-1
GRCh38-2020-A-chr21,CCTAAAGCATAGACTC-1
GRCh38-2020-A-chr21,CCTCAGTCATGTTGAC-1
GRCh38-2020-A-chr21,CCTCTGACAACACCCG-1
GRCh38-2020-A-chr21,CCTTCGAAGGAGTTTA-1
GRCh38-2020-A-chr21,CCTTCGAGTCCAGTAT-1
GRCh38-2020-A-chr21,CGAACATCACAGACTT-1
GRCh38-2020-A-chr21,CGAACATCAGACTCGC-1
GRCh38-2020-A-chr21,CGACCTTAGAAACGCC-1
GRCh38-2020-A-chr21,CGACTTCAGGCATTGG-1
GRCh38-2020-A-chr21,CGAGCACAGAGCCCAA-1
GRCh38-2020-A-chr21,CGAGCCAAGTCGATAA-1
GRCh38-2020-A-chr21,CGAGCCAGTGACGCCT-1
GRCh38-2020-A-chr21,CGCTATCCAGTGGAGT-1
GRCh38-2020-A-chr21,CGGACTGCAGATCCAT-1
GRCh38-2020-A-chr21,CGGACTGGTATAGGGC-1
GRCh38-2020-A-chr21,CGGAGCTGTGAGTGAC-1
GRCh38-2020-A-chr21,CGGAGCTTCAGCGACC-1
GRCh38-2020-A-chr21,CGGAGTCTCGCGATCG-1
GRCh38-2020-A-chr21,CGGCTAGAGACTGTAA-1
GRCh38-2020-A-chr21,CGGTTAACATAACCTG-1
GRCh38-2020-A-chr21,CGTAGCGGTATATGGA-1
GRCh38-2020-A-chr21,CGTAGGCTCTTTAGGG-1
GRCh38-2020-A-chr21,CGTCACTAGGATGCGT-1
GRCh38-2020-A-chr21,CGTCAGGTCAGCAACT-1
GRCh38-2020-A-chr21,CGTCTACAGAGTAAGG-1
GRCh38-2020-A-chr21,CGTCTACGTTCAACCA-1
GRCh38-2020-A-chr21,CGTCTACTCAATAAGG-1
GRCh38-2020-A-chr21,CGTGAGCGTTATCACG-1
GRCh38-2020-A-chr21,CGTGAGCTCACCTCGT-1
GRCh38-2020-A-chr21,CGTTCTGTCTCGAGTA-1
GRCh38-2020-A-chr21,CGTTGGGCATGAAGTA-1
GRCh38-2020-A-chr21,CTACACCAGCGATTCT-1
GRCh38-2020-A-chr21,CTACATTTCCCGACTT-1
GRCh38-2020-A-chr21,CTACCCACATATACCG-1
GRCh38-2020-A-chr21,CTACGTCGTAGGAGTC-1
GRCh38-2020-A-chr21,CTAGTGAGTTAAAGTG-1
GRCh38-2020-A-chr21,CTAGTGATCTTCATGT-1
GRCh38-2020-A-chr21,CTCGAAATCAAAGACA-1
GRCh38-2020-A-chr21,CTCGAGGAGAGACTTA-1
GRCh38-2020-A-chr21,CTCGAGGTCACTTACT-1
GRCh38-2020-A-chr21,CTCGAGGTCCTTGGTC-1
GRCh38-2020-A-chr21,CTCGGGAAGATCCTGT-1
GRCh38-2020-A-chr21,CTCGTACAGCGATTCT-1
GRCh38-2020-A-chr21,CTCGTACTCACCGTAA-1
GRCh38-2020-A-chr21,CTGAAGTTCGTTTAGG-1
GRCh38-2020-A-chr21,CTGATAGAGTGACATA-1
GRCh38-2020-A-chr21,CTGATAGTCTGCAAGT-1
GRCh38-2020-A-chr21,CTGATCCCAAATACAG-1
GRCh38-2020-A-chr21,CTGATCCTCAAGATCC-1
GRCh38-2020-A-chr21,CTGATCCTCGCAAGCC-1
GRCh38-2020-A-chr21,CTGCCTAAGACACTAA-1
GRCh38-2020-A-chr21,CTTAACTTCATAGCAC-1
GRCh38-2020-A-chr21,CTTAGGATCAGATAAG-1
GRCh38-2020-A-chr21,CTTCTCTCATGACATC-1
GRCh38-2020-A-chr21,CTTCTCTTCCTTAATC-1
GRCh38-2020-A-chr21,CTTCTCTTCGTCGTTC-1
GRCh38-2020-A-chr21,CTTTGCGCAAGGCTCC-1
GRCh38-2020-A-chr21,GAAATGAAGAGGTTAT-1
GRCh38-2020-A-chr21,GAACATCAGGATGGTC-1
GRCh38-2020-A-chr21,GAACATCAGTGAACGC-1
GRCh38-2020-A-chr21,GAACATCCATCGTCGG-1
GRCh38-2020-A-chr21,GAATGAAAGAATCTCC-1
GRCh38-2020-A-chr21,GAATGAACAGCCTGTG-1
GRCh38-2020-A-chr21,GACCTGGCAAGCTGGA-1
GRCh38-2020-A-chr21,GACGTGCAGACGCACA-1
GRCh38-2020-A-chr21,GACTAACAGAGGTAGA-1
GRCh38-2020-A-chr21,GAGGTGACACCTCGGA-1
GRCh38-2020-A-chr21,GAGTCCGTCACTGGGC-1
GRCh38-2020-A-chr21,GATCGCGTCTTGCATT-1
GRCh38-2020-A-chr21,GATGAGGAGGATGCGT-1
GRCh38-2020-A-chr21,GCAAACTGTAAACACA-1
GRCh38-2020-A-chr21,GCAGCCATCTAGCACA-1
GRCh38-2020-A-chr21,GCATACAAGGTAGCCA-1
GRCh38-2020-A-chr21,GCATGATTCAGCAACT-1
GRCh38-2020-A-chr21,GCGAGAAAGCCAGTAG-1
GRCh38-2020-A-chr21,GCGCAGTGTACCATCA-1
GRCh38-2020-A-chr21,GCGCCAAAGTGTTGAA-1
GRCh38-2020-A-chr21,GCTCTGTGTTTCCACC-1
GRCh38-2020-A-chr21,GCTGCTTCAATAGCAA-1
GRCh38-2020-A-chr21,GGAAAGCAGTGTTTGC-1
GRCh38-2020-A-chr21,GGAACTTCACGAAATA-1
GRCh38-2020-A-chr21,GGATGTTGTCTAGTGT-1
GRCh38-2020-A-chr21,GGGAGATAGCGCCTCA-1
GRCh38-2020-A-chr21,GGGCACTAGTTTGCGT-1
GRCh38-2020-A-chr21,GGGCATCAGTCACGCC-1
GRCh38-2020-A-chr21,GGGTCTGAGACCTAGG-1
GRCh38-2020-A-chr21,GGGTCTGGTCATGCAT-1
GRCh38-2020-A-chr21,GGTATTGCACTGTGTA-1
GRCh38-2020-A-chr21,GGTATTGGTTCTGGTA-1
GRCh38-2020-A-chr21,GGTGCGTCAATGAATG-1
GRCh38-2020-A-chr21,GGTGCGTGTGGGTCAA-1
GRCh38-2020-A-chr21,GGTGTTACACGTCTCT-1
GRCh38-2020-A-chr21,GTACTCCGTACAGTGG-1
GRCh38-2020-A-chr21,GTACTTTTCCAGGGCT-1
GRCh38-2020-A-chr21,GTAGGCCGTTGGTTTG-1
GRCh38-2020-A-chr21,GTAGTCAAGTCTCGGC-1
GRCh38-2020-A-chr21,GTAGTCACAATGGATA-1
GRCh38-2020-A-chr21,GTAGTCAGTCACCTAA-1
GRCh38-2020-A-chr21,GTCAAGTCACGGTAGA-1
GRCh38-2020-A-chr21,GTCAAGTCAGTTTACG-1
GRCh38-2020-A-chr21,GTCGGGTGTTGCGCAC-1
GRCh38-2020-A-chr21,GTCGTAAGTAATCGTC-1
GRCh38-2020-A-chr21,GTCTCGTTCCTAGAAC-1
GRCh38-2020-A-chr21,GTGAAGGGTGCAACGA-1
GRCh38-2020-A-chr21,GTGCAGCGTACAAGTA-1
GRCh38-2020-A-chr21,GTGCATAAGAAGATTC-1
GRCh38-2020-A-chr21,GTGCGGTGTCACAAGG-1
GRCh38-2020-A-chr21,GTGCTTCGTAAGTAGT-1
GRCh38-2020-A-chr21,GTGTGCGTCTGGTATG-1
GRCh38-2020-A-chr21,GTGTTAGGTACAGTTC-1
GRCh38-2020-A-chr21,GTGTTAGGTTAAAGTG-1
GRCh38-2020-A-chr21,TACCTATCACTTAACG-1
GRCh38-2020-A-chr21,TACCTTAAGAGCCCAA-1
GRCh38-2020-A-chr21,TACGGGCAGCTATGCT-1
GRCh38-2020-A-chr21,TACGGGCTCTCGTTTA-1
GRCh38-2020-A-chr21,TACGGTAAGATGTAAC-1
GRCh38-2020-A-chr21,TACTCGCAGCGTAGTG-1
GRCh38-2020-A-chr21,TACTTACCATCTCGCT-1
GRCh38-2020-A-chr21,TACTTGTAGTTAACGA-1
GRCh38-2020-A-chr21,TAGACCAAGCTAACTC-1
GRCh38-2020-A-chr21,TAGAGCTCACGTCAGC-1
GRCh38-2020-A-chr21,TAGCCGGGTGTGTGCC-1
GRCh38-2020-A-chr21,TAGGCATAGAAACGCC-1
GRCh38-2020-A-chr21,TAGGCATCAACTTGAC-1
GRCh38-2020-A-chr21,TAGTTGGGTCAGATAA-1
GRCh38-2020-A-chr21,TATCAGGAGTCAAGGC-1
GRCh38-2020-A-chr21,TATGCCCTCCCTCAGT-1
GRCh38-2020-A-chr21,TATTACCCAAAGCGGT-1
GRCh38-2020-A-chr21,TCAACGACAGCGTTCG-1
GRCh38-2020-A-chr21,TCAGGATCAACTGCGC-1
GRCh38-2020-A-chr21,TCAGGTAGTGTGGTTT-1
GRCh38-2020-A-chr21,TCAGGTATCGCGATCG-1
GRCh38-2020-A-chr21,TCCCGATAGTGTACTC-1
GRCh38-2020-A-chr21,TCCCGATCACATGTGT-1
GRCh38-2020-A-chr21,TCCCGATTCACCCTCA-1
GRCh38-2020-A-chr21,TCGAGGCAGTGCAAGC-1
GRCh38-2020-A-chr21,TCGCGAGAGAAACCTA-1
GRCh38-2020-A-chr21,TCGCGTTAGCTGCCCA-1
GRCh38-2020-A-chr21,TCGCGTTCACAGTCGC-1
GRCh38-2020-A-chr21,TCGCGTTTCACAGGCC-1
GRCh38-2020-A-chr21,TCGCGTTTCCGTACAA-1
GRCh38-2020-A-chr21,TCGGTAAGTATAGTAG-1
GRCh38-2020-A-chr21,TCGGTAAGTCTAGTCA-1
GRCh38-2020-A-chr21,TCGTACCCAATAACGA-1
GRCh38-2020-A-chr21,TCTCATAGTATCGCAT-1
GRCh38-2020-A-chr21,TCTGAGATCTCACATT-1
GRCh38-2020-A-chr21,TCTGGAAAGTAGTGCG-1
GRCh38-2020-A-chr21,TGACAACGTTTGGCGC-1
GRCh38-2020-A-chr21,TGACAACTCAACGGGA-1
GRCh38-2020-A-chr21,TGACTTTCATTCCTCG-1
GRCh38-2020-A-chr21,TGACTTTTCCGATATG-1
GRCh38-2020-A-chr21,TGAGCATCACTTAAGC-1
GRCh38-2020-A-chr21,TGAGCCGTCATCTGTT-1
GRCh38-2020-A-chr21,TGAGGGAAGGCATGGT-1
GRCh38-2020-A-chr21,TGATTTCTCACGCGGT-1
GRCh38-2020-A-chr21,TGATTTCTCCAAACAC-1
GRCh38-2020-A-chr21,TGCCAAAAGGATGCGT-1
GRCh38-2020-A-chr21,TGCCAAACATGAAGTA-1
GRCh38-2020-A-chr21,TGCGGGTAGAGTAATC-1
GRCh38-2020-A-chr21,TGCGGGTAGCAGACTG-1
GRCh38-2020-A-chr21,TGCTGCTCAGATAATG-1
GRCh38-2020-A-chr21,TGCTGCTCATTACGAC-1
GRCh38-2020-A-chr21,TGGACGCTCAACTCTT-1
GRCh38-2020-A-chr21,TGGCCAGTCAGGATCT-1
GRCh38-2020-A-chr21,TGGCTGGTCTACCTGC-1
GRCh38-2020-A-chr21,TGGGAAGGTCGCTTCT-1
GRCh38-2020-A-chr21,TGGGCGTGTGCAACTT-1
GRCh38-2020-A-chr21,TGGGCGTTCACGACTA-1
GRCh38-2020-A-chr21,TTAGGACGTAATCGTC-1
GRCh38-2020-A-chr21,TTAGTTCGTATCACCA-1
GRCh38-2020-A-chr21,TTCTACAAGGCTATCT-1
GRCh38-2020-A-chr21,TTCTCAACAGTAACGG-1
GRCh38-2020-A-chr21,TTGAACGCACGAAGCA-1
GRCh38-2020-A-chr21,TTGACTTCAGGTCGTC-1
GRCh38-2020-A-chr21,TTGACTTTCGTTGACA-1
GRCh38-2020-A-chr21,TTGCGTCCATGGAATA-1
GRCh38-2020-A-chr21,TTGGAACGTGTTTGTG-1
GRCh38-2020-A-chr21,TTTACTGTCCCTGACT-1
GRCh38-2020-A-chr21,TTTCCTCGTACACCGC-1
