clonotype_id,frequency,proportion,cdr3s_aa,cdr3s_nt,inkt_evidence,mait_evidence
clonotype1,1,0.047619047619047616,TRA:CVVNTGNQFYF,TRA:TGTGTGGTGAACACCGGTAACCAGTTCTATTTT,,
clonotype2,1,0.047619047619047616,TRB:CASSPQGTEAFF,TRB:TGTGCCAGCAGCCCCCAGGGGACTGAAGCTTTCTTT,,TRB:gene
clonotype3,1,0.047619047619047616,TRB:CSVAETGIVYEQYF,TRB:TGCAGCGTTGCGGAGACAGGAATTGTCTACGAGCAGTACTTC,,
clonotype4,1,0.047619047619047616,TRB:CSASRGGEGETQYF,TRB:TGCAGTGCCAGCCGAGGGGGAGAGGGCGAGACCCAGTACTTC,,TRB:gene
clonotype5,1,0.047619047619047616,TRB:CSARALAEGVMQFF,TRB:TGCAGTGCTAGAGCACTAGCGGAAGGAGTCATGCAGTTCTTC,,TRB:gene
clonotype6,1,0.047619047619047616,TRA:CAGLDSSYKLIF,TRA:TGTGCTGGGTTGGATAGCAGCTATAAATTGATCTTC,,
clonotype7,1,0.047619047619047616,TRB:CASSLSGAEQFF,TRB:TGCGCCAGCAGCCTTAGCGGGGCTGAGCAGTTCTTC,,
clonotype8,1,0.047619047619047616,TRB:CSARSPGSNQPQHF;TRA:CAVSSNARLMF,TRB:TGCAGTGCTAGAAGTCCCGGTAGCAATCAGCCCCAGCATTTT;TRA:TGCGCTGTGAGTAGCAATGCCAGACTCATGTTT,,TRB:gene
clonotype9,1,0.047619047619047616,TRB:CSARDLGLADSNEQFF,TRB:TGCAGTGCTAGAGATCTGGGTCTAGCGGATAGCAATGAGCAGTTCTTC,,TRB:gene
clonotype10,1,0.047619047619047616,TRB:CASSYPGNQETQYF,TRB:TGTGCCAGCAGTTATCCCGGGAACCAAGAGACCCAGTACTTC,,
clonotype11,1,0.047619047619047616,TRB:CASSGGGGSKAFF,TRB:TGTGCCAGCAGTGGAGGGGGAGGGAGCAAGGCTTTCTTT,,
clonotype12,1,0.047619047619047616,TRB:CASSPTSYYNEQFF,TRB:TGCGCCAGCAGCCCGACTAGCTATTACAATGAGCAGTTCTTC,,
clonotype13,1,0.047619047619047616,TRB:CASSVSRTDQETQYF,TRB:TGTGCCAGCAGTGTTTCAAGGACAGATCAAGAGACCCAGTACTTC,,TRB:gene
clonotype14,1,0.047619047619047616,TRB:CASSTDWGNTEAFF,TRB:TGTGCCAGCAGCACCGATTGGGGGAACACTGAAGCTTTCTTT,,
clonotype15,1,0.047619047619047616,TRB:CASSLIQGTNEKLFF,TRB:TGTGCCAGCAGCCTCATACAGGGAACTAATGAAAAACTGTTTTTT,,
clonotype16,1,0.047619047619047616,TRB:CAWSVRSSTAGYSPLHF;TRA:CALSVPGAQKLVF,TRB:TGTGCCTGGAGTGTACGATCTTCTACTGCGGGGTATTCACCCCTCCACTTT;TRA:TGTGCTCTGAGTGTACCGGGAGCCCAGAAGCTGGTATTT,,
clonotype17,1,0.047619047619047616,TRB:CASSDILAGVRSYEQYF,TRB:TGTGCCAGCAGTGACATACTAGCGGGGGTGCGGTCCTACGAGCAGTACTTC,,
clonotype18,1,0.047619047619047616,TRB:CASSQGTSGRTGELFF,TRB:TGTGCCAGCAGCCAAGGGACTAGCGGGAGAACCGGGGAGCTGTTTTTT,,
clonotype19,1,0.047619047619047616,TRB:CASSFDPSRGSYNEQFF;TRA:CALSEGGTAGFQKLVF,TRB:TGTGCCAGCAGCTTCGACCCGTCTAGGGGGTCCTACAATGAGCAGTTCTTC;TRA:TGTGCTCTGAGTGAAGGGGGGACCGCAGGCTTTCAGAAACTTGTATTT,,TRB:gene
clonotype20,1,0.047619047619047616,TRB:CASSLVSRVYFLPAATEAFF,TRB:TGTGCCAGCAGCTTAGTTAGCAGGGTATATTTCCTCCCTGCGGCCACTGAAGCTTTCTTT,,
clonotype21,1,0.047619047619047616,TRB:CASSSGRDYEQYF,TRB:TGTGCCAGCAGCTCCGGCAGGGACTACGAGCAGTACTTC,,
