GRCh38,AAACCTGCAGCCTGTG-1
GRCh38,AAACGGGTCGCTGATA-1
GRCh38,AAAGATGTCCTCGCAT-1
GRCh38,AAAGCAAAGTATGACA-1
GRCh38,AAAGCAATCCATTCTA-1
GRCh38,AAATGCCCACTTAAGC-1
GRCh38,AACACGTCAACAACCT-1
GRCh38,AACACGTGTTATCCGA-1
GRCh38,AACACGTGTTATCGGT-1
GRCh38,AACACGTTCCGTCAAA-1
GRCh38,AACCGCGAGTAGCCGA-1
GRCh38,AACCGCGTCGGATGGA-1
GRCh38,AACTCAGTCCACGTGG-1
GRCh38,AACTCAGTCCTGCCAT-1
GRCh38,AACTCCCAGACTAGAT-1
GRCh38,AACTCCCAGGCTAGGT-1
GRCh38,AACTCCCCAATGAATG-1
GRCh38,AACTCTTGTCATCGGC-1
GRCh38,AACTCTTTCACAACGT-1
GRCh38,AACTGGTAGATACACA-1
GRCh38,AACTGGTGTTCGAATC-1
GRCh38,AACTGGTTCATGCAAC-1
GRCh38,AACTGGTTCTCTAAGG-1
GRCh38,AACTTTCAGACACGAC-1
GRCh38,AACTTTCAGCTCAACT-1
GRCh38,AACTTTCAGTACGCGA-1
GRCh38,AACTTTCAGTGCAAGC-1
GRCh38,AACTTTCCACATGTGT-1
GRCh38,AACTTTCGTTGAGTTC-1
GRCh38,AACTTTCTCGTTACGA-1
GRCh38,AAGACCTCACATAACC-1
GRCh38,AAGACCTCATATGGTC-1
GRCh38,AAGACCTGTAGCGCTC-1
GRCh38,AAGACCTGTCTGGAGA-1
GRCh38,AAGCCGCCACGCCAGT-1
GRCh38,AAGCCGCGTCTCTCTG-1
GRCh38,AAGGAGCTCTCTGCTG-1
GRCh38,AAGGCAGCAACGCACC-1
GRCh38,AAGGCAGCAGACGCAA-1
GRCh38,AAGGCAGCAGTATAAG-1
GRCh38,AAGGCAGGTGTGACGA-1
GRCh38,AAGGTTCAGCACCGCT-1
GRCh38,AAGTCTGAGTACGACG-1
GRCh38,AAGTCTGCAAAGTCAA-1
GRCh38,AATCCAGCATACGCCG-1
GRCh38,AATCGGTGTGGTGTAG-1
GRCh38,AATCGGTGTTAGGGTG-1
GRCh38,ACACCCTAGCGTTCCG-1
GRCh38,ACACCCTAGGGTATCG-1
GRCh38,ACACCGGGTTATTCTC-1
GRCh38,ACACCGGTCTTGTTTG-1
GRCh38,ACACTGAAGCTGCCCA-1
GRCh38,ACACTGATCTGTACGA-1
GRCh38,ACAGCCGAGCGTCAAG-1
GRCh38,ACAGCTAAGCGATGAC-1
GRCh38,ACAGCTACACGTCAGC-1
GRCh38,ACAGCTAGTGATAAAC-1
GRCh38,ACATACGGTTCAGACT-1
GRCh38,ACATACGTCAGAAATG-1
GRCh38,ACATCAGAGCCAGAAC-1
GRCh38,ACATCAGAGTCATCCA-1
GRCh38,ACATCAGGTGTTCTTT-1
GRCh38,ACATCAGGTTCAGCGC-1
GRCh38,ACATGGTAGACAAAGG-1
GRCh38,ACATGGTAGATGTGTA-1
GRCh38,ACCAGTAAGACGCAAC-1
GRCh38,ACCCACTAGCCAGAAC-1
GRCh38,ACCTTTAAGACAAAGG-1
GRCh38,ACCTTTAGTTCGTGAT-1
GRCh38,ACGAGCCGTTCCATGA-1
GRCh38,ACGAGGACATACGCCG-1
GRCh38,ACGAGGACATCTACGA-1
GRCh38,ACGAGGAGTCTACCTC-1
GRCh38,ACGATACAGTGCAAGC-1
GRCh38,ACGATGTGTCACTTCC-1
GRCh38,ACGCAGCCACCGTTGG-1
GRCh38,ACGCCAGAGCTACCGC-1
GRCh38,ACGCCAGCACGGACAA-1
GRCh38,ACGCCGACACAGGCCT-1
GRCh38,ACGCCGATCCGAATGT-1
GRCh38,ACGCCGATCTTCATGT-1
GRCh38,ACGCCGATCTTTACAC-1
GRCh38,ACGGAGAAGAACTCGG-1
GRCh38,ACGGAGAAGCTAAGAT-1
GRCh38,ACGGAGAGTTCTGGTA-1
GRCh38,ACGGGCTTCATTGCGA-1
GRCh38,ACGGGTCCACCTCGGA-1
GRCh38,ACTATCTGTAAGTTCC-1
GRCh38,ACTATCTTCCAAACTG-1
GRCh38,ACTATCTTCGCATGAT-1
GRCh38,ACTGAACAGGGAGTAA-1
GRCh38,ACTGAACGTTTACTCT-1
GRCh38,ACTGAACTCCCAAGTA-1
GRCh38,ACTGAGTGTAAGTGGC-1
GRCh38,ACTGAGTGTCTGCAAT-1
GRCh38,ACTGAGTTCTTGCCGT-1
GRCh38,ACTGATGAGCCGCCTA-1
GRCh38,ACTGATGAGCTAGTGG-1
GRCh38,ACTGATGCATTGGTAC-1
GRCh38,ACTGTCCAGGGCTCTC-1
GRCh38,ACTTACTCAGCTGGCT-1
GRCh38,ACTTACTGTCCGTCAG-1
GRCh38,ACTTGTTCAGGGATTG-1
GRCh38,ACTTTCAGTGCACCAC-1
GRCh38,AGACGTTAGGCAATTA-1
GRCh38,AGAGCGACAATGACCT-1
GRCh38,AGAGCGACAGGGTATG-1
GRCh38,AGAGCTTTCACGCATA-1
GRCh38,AGAGTGGAGGCCCTTG-1
GRCh38,AGAGTGGCATTCTTAC-1
GRCh38,AGAGTGGTCACCCTCA-1
GRCh38,AGCAGCCCAAGTTGTC-1
GRCh38,AGCAGCCCAGCGTTCG-1
GRCh38,AGCAGCCTCTACCTGC-1
GRCh38,AGCATACAGGCTCAGA-1
GRCh38,AGCCTAACATGCGCAC-1
GRCh38,AGCGGTCAGCCGCCTA-1
GRCh38,AGCGTATAGTGCCAGA-1
GRCh38,AGCTCCTAGACGCAAC-1
GRCh38,AGCTCCTCACGAGAGT-1
GRCh38,AGCTCTCCAAAGAATC-1
GRCh38,AGCTCTCGTCGCGGTT-1
GRCh38,AGCTTGAAGAATGTGT-1
GRCh38,AGCTTGACATCCAACA-1
GRCh38,AGGCCACAGGGAAACA-1
GRCh38,AGGCCACGTTTGCATG-1
GRCh38,AGGCCACTCCTCCTAG-1
GRCh38,AGGCCGTAGGCGCTCT-1
GRCh38,AGGCCGTGTGTGCCTG-1
GRCh38,AGGCCGTGTTAAGTAG-1
GRCh38,AGGCCGTTCAACGGGA-1
GRCh38,AGGCCGTTCGATCCCT-1
GRCh38,AGGGAGTAGCTAAGAT-1
GRCh38,AGGGAGTGTAGAGCTG-1
GRCh38,AGGGATGAGGACGAAA-1
GRCh38,AGGGATGAGGTTACCT-1
GRCh38,AGGGATGTCCAATGGT-1
GRCh38,AGGGATGTCTAACTCT-1
GRCh38,AGGGTGACAGAAGCAC-1
GRCh38,AGGTCCGAGATAGGAG-1
GRCh38,AGGTCCGAGTAGCGGT-1
GRCh38,AGGTCCGGTACCGTTA-1
GRCh38,AGTAGTCTCTCTGCTG-1
GRCh38,AGTCTTTGTAATAGCA-1
GRCh38,AGTGAGGAGCGTCTAT-1
GRCh38,AGTGGGAGTTTAGCTG-1
GRCh38,AGTGGGATCCACGTTC-1
GRCh38,AGTGGGATCGTCGTTC-1
GRCh38,AGTGTCAAGTAGGTGC-1
GRCh38,AGTGTCACACGTAAGG-1
GRCh38,AGTTGGTAGTGTCCCG-1
GRCh38,AGTTGGTCAAACGCGA-1
GRCh38,AGTTGGTGTATAATGG-1
GRCh38,ATAACGCTCACATGCA-1
GRCh38,ATAAGAGGTCGAACAG-1
GRCh38,ATAGACCCAGGCGATA-1
GRCh38,ATAGACCTCTGAGGGA-1
GRCh38,ATCACGAAGCGTGAGT-1
GRCh38,ATCATCTGTCGCTTCT-1
GRCh38,ATCATGGAGTGGGATC-1
GRCh38,ATCCACCGTCAGATAA-1
GRCh38,ATCCACCTCCTGTACC-1
GRCh38,ATCCACCTCGCGTAGC-1
GRCh38,ATCCGAACATATACGC-1
GRCh38,ATCCGAACATCCCACT-1
GRCh38,ATCGAGTCAGTCACTA-1
GRCh38,ATCGAGTTCATGCTCC-1
GRCh38,ATCTACTCAACTGCGC-1
GRCh38,ATCTACTCAGGACGTA-1
GRCh38,ATCTACTGTTGTGGCC-1
GRCh38,ATCTGCCAGGAGTACC-1
GRCh38,ATGAGGGCAACAACCT-1
GRCh38,ATGAGGGGTCGGCATC-1
GRCh38,ATGAGGGTCGCCAGCA-1
GRCh38,ATGCGATAGGGTCGAT-1
GRCh38,ATGGGAGAGCTCCTCT-1
GRCh38,ATGGGAGCACCCTATC-1
GRCh38,ATGTGTGAGCGTCTAT-1
GRCh38,ATGTGTGCAAGTCTAC-1
GRCh38,ATGTGTGGTAGCCTCG-1
GRCh38,ATGTGTGGTCCAAGTT-1
GRCh38,ATTACTCCATACAGCT-1
GRCh38,ATTACTCTCGCGTTTC-1
GRCh38,ATTATCCCAGCTGTAT-1
GRCh38,ATTATCCCAGCTTAAC-1
GRCh38,ATTATCCTCACATAGC-1
GRCh38,ATTCTACCAAATACAG-1
GRCh38,ATTCTACCAGTCCTTC-1
GRCh38,ATTGGACAGTACGCGA-1
GRCh38,ATTGGACCACAACGTT-1
GRCh38,ATTGGTGAGCGCTCCA-1
GRCh38,ATTGGTGCAAACTGCT-1
GRCh38,ATTGGTGTCCCAAGTA-1
GRCh38,ATTTCTGAGTGAATTG-1
GRCh38,ATTTCTGAGTTAGGTA-1
GRCh38,ATTTCTGGTAGCCTAT-1
GRCh38,CAACCAACAGGATCGA-1
GRCh38,CAACCTCTCCCTAATT-1
GRCh38,CAACCTCTCGCCTGAG-1
GRCh38,CAACTAGAGTGGTAAT-1
GRCh38,CAACTAGGTATATGGA-1
GRCh38,CAAGAAAAGTGGTAAT-1
GRCh38,CAAGAAATCCTAGAAC-1
GRCh38,CAAGATCAGACAGAGA-1
GRCh38,CAAGATCAGGGAAACA-1
GRCh38,CAAGATCCAAGCTGGA-1
GRCh38,CAAGATCTCTTACCGC-1
GRCh38,CAAGGCCTCTGGTATG-1
GRCh38,CAAGTTGAGCACAGGT-1
GRCh38,CAAGTTGGTCTAGTCA-1
GRCh38,CAAGTTGTCTCTAAGG-1
GRCh38,CACAAACAGAACAACT-1
GRCh38,CACAAACAGTCCCACG-1
GRCh38,CACAAACAGTGTTTGC-1
GRCh38,CACAAACGTGAAATCA-1
GRCh38,CACACAACACACGCTG-1
GRCh38,CACACCTGTCGAGATG-1
GRCh38,CACACCTTCAGGTTCA-1
GRCh38,CACACCTTCCCGGATG-1
GRCh38,CACACTCAGGCTACGA-1
GRCh38,CACACTCTCGCCCTTA-1
GRCh38,CACACTCTCTTGTACT-1
GRCh38,CACAGGCCAGAAGCAC-1
GRCh38,CACAGGCGTGTTGGGA-1
GRCh38,CACAGGCTCGCAGGCT-1
GRCh38,CACAGGCTCGTCGTTC-1
GRCh38,CACAGTACATCGGTTA-1
GRCh38,CACATAGTCTAACTTC-1
GRCh38,CACATTTAGGGCTCTC-1
GRCh38,CACCACTAGTGGTAGC-1
GRCh38,CACCACTGTGTAATGA-1
GRCh38,CACCTTGAGGCGCTCT-1
GRCh38,CACCTTGGTGGACGAT-1
GRCh38,CACCTTGTCTGGTATG-1
GRCh38,CACTCCACAAGTTAAG-1
GRCh38,CAGAATCCAGCTGCAC-1
GRCh38,CAGAATCGTAGCGCAA-1
GRCh38,CAGAGAGAGCAGCGTA-1
GRCh38,CAGAGAGAGTTAAGTG-1
GRCh38,CAGAGAGTCGTTTATC-1
GRCh38,CAGAGAGTCTCAAACG-1
GRCh38,CAGATCACATAGTAAG-1
GRCh38,CAGCAGCAGGCTCAGA-1
GRCh38,CAGCAGCCATAGTAAG-1
GRCh38,CAGCATAAGAGTACAT-1
GRCh38,CAGCATAAGTCTCCTC-1
GRCh38,CAGCATAGTACTTAGC-1
GRCh38,CAGCCGAGTAAGTGGC-1
GRCh38,CAGCCGAGTCCCTACT-1
GRCh38,CAGCCGATCTTGCATT-1
GRCh38,CAGCGACAGCATGGCA-1
GRCh38,CAGCTGGAGACTTTCG-1
GRCh38,CAGCTGGCATGGGAAC-1
GRCh38,CAGCTGGGTTCAACCA-1
GRCh38,CAGGTGCAGATAGTCA-1
GRCh38,CAGGTGCAGGTGCACA-1
GRCh38,CAGGTGCAGTTCGCAT-1
GRCh38,CAGTAACGTATAATGG-1
GRCh38,CAGTAACTCTGTCAAG-1
GRCh38,CAGTCCTAGTTGTAGA-1
GRCh38,CAGTCCTTCAACTCTT-1
GRCh38,CATATTCAGTCCGTAT-1
GRCh38,CATCAAGAGATGAGAG-1
GRCh38,CATCAAGTCGAGAACG-1
GRCh38,CATCAGACAGCCTTGG-1
GRCh38,CATCAGATCGATCCCT-1
GRCh38,CATCAGATCTCTAGGA-1
GRCh38,CATCAGATCTGATTCT-1
GRCh38,CATCGAAAGACCGGAT-1
GRCh38,CATCGAATCTTAACCT-1
GRCh38,CATCGGGAGGAATGGA-1
GRCh38,CATCGGGCAAGCGAGT-1
GRCh38,CATGACACACGTAAGG-1
GRCh38,CATGACAGTCTTGCGG-1
GRCh38,CATGACATCAGGATCT-1
GRCh38,CATGACATCTTTAGGG-1
GRCh38,CATGCCTTCGATCCCT-1
GRCh38,CATGGCGAGACTGTAA-1
GRCh38,CATGGCGAGGCCCTCA-1
GRCh38,CATGGCGCAGCTATTG-1
GRCh38,CATTATCAGGCCGAAT-1
GRCh38,CATTATCAGGTGACCA-1
GRCh38,CATTATCCACGGCCAT-1
GRCh38,CATTATCGTCATGCAT-1
GRCh38,CATTCGCCAGGCAGTA-1
GRCh38,CCACCTATCCGTCAAA-1
GRCh38,CCACGGACATGAGCGA-1
GRCh38,CCACGGATCACTTCAT-1
GRCh38,CCACTACAGTAGCCGA-1
GRCh38,CCACTACCAACACGCC-1
GRCh38,CCACTACGTCCGACGT-1
GRCh38,CCACTACTCAACACGT-1
GRCh38,CCAGCGAAGGGCTTCC-1
GRCh38,CCAGCGACAAAGTGCG-1
GRCh38,CCAGCGACATGCAACT-1
GRCh38,CCAGCGAGTATTAGCC-1
GRCh38,CCATGTCCACTGAAGG-1
GRCh38,CCATGTCCAGATGAGC-1
GRCh38,CCATGTCGTATTAGCC-1
GRCh38,CCATGTCGTTCGTCTC-1
GRCh38,CCCAGTTTCGTTTGCC-1
GRCh38,CCCATACAGCACAGGT-1
GRCh38,CCCATACGTCTAGTCA-1
GRCh38,CCCATACTCACTGGGC-1
GRCh38,CCCTCCTCATGTCCTC-1
GRCh38,CCGGGATGTGTTGGGA-1
GRCh38,CCGGGATTCACCACCT-1
GRCh38,CCGGTAGCACTTACGA-1
GRCh38,CCGTACTAGTGTTTGC-1
GRCh38,CCGTACTCAAGACACG-1
GRCh38,CCGTGGAGTAGCGCTC-1
GRCh38,CCGTGGAGTGAACCTT-1
GRCh38,CCGTGGATCGTTACAG-1
GRCh38,CCGTTCAAGCTCCTCT-1
GRCh38,CCGTTCAAGGGATGGG-1
GRCh38,CCTAAAGCATGCTGGC-1
GRCh38,CCTAAAGTCAACCAAC-1
GRCh38,CCTACCAAGCCAGTTT-1
GRCh38,CCTACCAAGGATATAC-1
GRCh38,CCTAGCTAGCCAGTTT-1
GRCh38,CCTAGCTCAGCTTAAC-1
GRCh38,CCTAGCTGTGGCTCCA-1
GRCh38,CCTCAGTCAAGCCGTC-1
GRCh38,CCTCAGTCAATCGGTT-1
GRCh38,CCTCAGTCAGCATACT-1
GRCh38,CCTCAGTCAGGTGCCT-1
GRCh38,CCTCAGTTCCTTTCTC-1
GRCh38,CCTCTGACAAATACAG-1
GRCh38,CCTCTGACAACAACCT-1
GRCh38,CCTCTGACAGTACACT-1
GRCh38,CCTTACGTCACCCGAG-1
GRCh38,CCTTCGAAGCGACGTA-1
GRCh38,CCTTCGACAATGACCT-1
GRCh38,CCTTCGACATTTGCCC-1
GRCh38,CCTTCGAGTCTGATCA-1
GRCh38,CCTTCGATCCTGCAGG-1
GRCh38,CCTTTCTCAACCGCCA-1
GRCh38,CCTTTCTCATGAAGTA-1
GRCh38,CGAACATTCCAGTATG-1
GRCh38,CGAACATTCCTTGGTC-1
GRCh38,CGAACATTCTATCCCG-1
GRCh38,CGAATGTAGGTGATAT-1
GRCh38,CGAATGTCAGGATCGA-1
GRCh38,CGAATGTGTGTAATGA-1
GRCh38,CGAATGTGTTTGTGTG-1
GRCh38,CGACTTCTCTGAGTGT-1
GRCh38,CGAGAAGCATCCTAGA-1
GRCh38,CGAGAAGGTCAAAGCG-1
GRCh38,CGAGAAGGTCAGAAGC-1
GRCh38,CGAGAAGTCACATAGC-1
GRCh38,CGAGAAGTCGGGAGTA-1
GRCh38,CGAGCACGTCCGAACC-1
GRCh38,CGAGCCAAGCTACCGC-1
GRCh38,CGAGCCATCTAACTGG-1
GRCh38,CGATCGGAGAAGCCCA-1
GRCh38,CGATCGGCATTTGCTT-1
GRCh38,CGATCGGGTGTGTGCC-1
GRCh38,CGATCGGTCAATAAGG-1
GRCh38,CGATGGCAGCATCATC-1
GRCh38,CGATGGCGTACAGACG-1
GRCh38,CGATGGCTCACAACGT-1
GRCh38,CGATGTACAGACAGGT-1
GRCh38,CGATGTATCACTTCAT-1
GRCh38,CGATGTATCAGTGTTG-1
GRCh38,CGATTGATCATAGCAC-1
GRCh38,CGCCAAGCAGGATCGA-1
GRCh38,CGCCAAGGTCGGCATC-1
GRCh38,CGCCAAGGTGAGTATA-1
GRCh38,CGCCAAGTCTGCGTAA-1
GRCh38,CGCGGTAAGCCAGTTT-1
GRCh38,CGCGGTATCCTGCTTG-1
GRCh38,CGCTATCAGCCACGTC-1
GRCh38,CGCTATCCACGGCTAC-1
GRCh38,CGCTATCCATCCGTGG-1
GRCh38,CGCTGGAAGAGTCTGG-1
GRCh38,CGCTGGAAGCAATCTC-1
GRCh38,CGCTGGACATCACAAC-1
GRCh38,CGCTGGACATTAACCG-1
GRCh38,CGCTGGAGTGAGGCTA-1
GRCh38,CGCTGGAGTGCAACGA-1
GRCh38,CGGACACCATAGTAAG-1
GRCh38,CGGACACGTCAGAGGT-1
GRCh38,CGGAGTCGTCCAGTGC-1
GRCh38,CGGTTAAGTGTAACGG-1
GRCh38,CGGTTAAGTTAGAACA-1
GRCh38,CGGTTAAGTTGCGCAC-1
GRCh38,CGGTTAATCATTTGGG-1
GRCh38,CGTAGCGCAAGCTGTT-1
GRCh38,CGTCACTCACAACTGT-1
GRCh38,CGTCACTCAGGATTGG-1
GRCh38,CGTCACTTCTCGATGA-1
GRCh38,CGTCCATAGCTTATCG-1
GRCh38,CGTCCATAGGCATGGT-1
GRCh38,CGTCCATAGTCTCCTC-1
GRCh38,CGTCCATTCCAAGCCG-1
GRCh38,CGTCCATTCCGAATGT-1
GRCh38,CGTCTACAGAGCTGGT-1
GRCh38,CGTGAGCCAAGTCTGT-1
GRCh38,CGTGAGCGTTCCACGG-1
GRCh38,CGTGTCTTCTGCAAGT-1
GRCh38,CGTTAGAAGGCTACGA-1
GRCh38,CGTTAGAGTCTCCCTA-1
GRCh38,CGTTCTGAGTTACCCA-1
GRCh38,CGTTCTGAGTTACGGG-1
GRCh38,CGTTGGGCACCCATTC-1
GRCh38,CTAAGACTCCTTTACA-1
GRCh38,CTAATGGCACTTAAGC-1
GRCh38,CTACACCCAGGAACGT-1
GRCh38,CTACACCTCAAACCAC-1
GRCh38,CTACATTAGATGTCGG-1
GRCh38,CTACCCAAGTGATCGG-1
GRCh38,CTACCCAGTATCGCAT-1
GRCh38,CTAGAGTGTATTCTCT-1
GRCh38,CTAGAGTTCCTCCTAG-1
GRCh38,CTAGCCTAGGCATTGG-1
GRCh38,CTAGCCTAGTCCCACG-1
GRCh38,CTAGCCTGTAAACGCG-1
GRCh38,CTAGCCTTCGTCACGG-1
GRCh38,CTCACACCAAGCCGTC-1
GRCh38,CTCACACGTATCGCAT-1
GRCh38,CTCACACTCTAGCACA-1
GRCh38,CTCAGAAAGCTCTCGG-1
GRCh38,CTCAGAAAGGCCATAG-1
GRCh38,CTCAGAAGTAGCGTGA-1
GRCh38,CTCATTAAGCTACCTA-1
GRCh38,CTCATTACAAACTGTC-1
GRCh38,CTCATTACATTAGGCT-1
GRCh38,CTCGAAAAGGTGCAAC-1
GRCh38,CTCGAAACAGGACGTA-1
GRCh38,CTCGAGGAGCGTGAAC-1
GRCh38,CTCGAGGCATAGAAAC-1
GRCh38,CTCGAGGCATCGATGT-1
GRCh38,CTCGAGGTCGCGATCG-1
GRCh38,CTCGGAGAGTCCGGTC-1
GRCh38,CTCGGAGTCGTCTGCT-1
GRCh38,CTCGGGATCCTAAGTG-1
GRCh38,CTCGTACAGCCGGTAA-1
GRCh38,CTCGTACAGCGATCCC-1
GRCh38,CTCGTACAGGCTACGA-1
GRCh38,CTCGTACAGTCAAGGC-1
GRCh38,CTCGTCATCGCACTCT-1
GRCh38,CTCGTCATCGTACCGG-1
GRCh38,CTCTACGAGCAACGGT-1
GRCh38,CTCTACGCACGAAATA-1
GRCh38,CTCTACGTCTATGTGG-1
GRCh38,CTCTGGTCAAGTCTAC-1
GRCh38,CTGAAACCAGGTCGTC-1
GRCh38,CTGAAGTTCGCAAACT-1
GRCh38,CTGATAGGTTAAGAAC-1
GRCh38,CTGATAGTCTGCCCTA-1
GRCh38,CTGATCCAGCCCGAAA-1
GRCh38,CTGATCCAGCTAGGCA-1
GRCh38,CTGATCCCACGTAAGG-1
GRCh38,CTGATCCTCTGCCCTA-1
GRCh38,CTGCCTACATGGTAGG-1
GRCh38,CTGCCTAGTACATGTC-1
GRCh38,CTGCGGAAGCGCCTTG-1
GRCh38,CTGCGGAGTCGAAAGC-1
GRCh38,CTGCGGATCGCTGATA-1
GRCh38,CTGCTGTAGCCACGTC-1
GRCh38,CTGCTGTAGCGATCCC-1
GRCh38,CTGCTGTCAGAGTGTG-1
GRCh38,CTGGTCTAGATATGGT-1
GRCh38,CTGTGCTCAAAGCGGT-1
GRCh38,CTGTGCTGTACCATCA-1
GRCh38,CTGTGCTGTAGCTTGT-1
GRCh38,CTGTGCTTCAGGTTCA-1
GRCh38,CTGTTTAGTGGCAAAC-1
GRCh38,CTGTTTATCCGTTGTC-1
GRCh38,CTTAACTAGACACTAA-1
GRCh38,CTTAACTGTTCGTCTC-1
GRCh38,CTTACCGCACTACAGT-1
GRCh38,CTTACCGCATTTGCCC-1
GRCh38,CTTAGGAGTAGCTAAA-1
GRCh38,CTTAGGAGTAGTACCT-1
GRCh38,CTTAGGATCTTACCGC-1
GRCh38,CTTCTCTAGCACAGGT-1
GRCh38,CTTCTCTCACAGACTT-1
GRCh38,CTTGGCTTCAACGAAA-1
GRCh38,CTTTGCGGTCGCATAT-1
GRCh38,CTTTGCGGTCGGGTCT-1
GRCh38,GAAACTCAGCCAGTTT-1
GRCh38,GAAACTCCATCTATGG-1
GRCh38,GAAACTCGTCCGAAGA-1
GRCh38,GAAATGAGTAGCGCTC-1
GRCh38,GAAATGATCACCGGGT-1
GRCh38,GAAATGATCGTAGGTT-1
GRCh38,GAACATCCAAACAACA-1
GRCh38,GAACATCTCACAAACC-1
GRCh38,GAACCTACAATGTAAG-1
GRCh38,GAACCTACACCATCCT-1
GRCh38,GAACCTAGTACGCTGC-1
GRCh38,GAACCTATCAATACCG-1
GRCh38,GAACGGAGTCTCTTTA-1
GRCh38,GAAGCAGAGAGCTATA-1
GRCh38,GAAGCAGAGCGATCCC-1
GRCh38,GAAGCAGGTATAGTAG-1
GRCh38,GAAGCAGGTATCAGTC-1
GRCh38,GAAGCAGTCGTAGATC-1
GRCh38,GAATAAGAGTACGCCC-1
GRCh38,GAATAAGCAAGTAATG-1
GRCh38,GACACGCCAGATAATG-1
GRCh38,GACAGAGAGTAAGTAC-1
GRCh38,GACCAATCAAGCGTAG-1
GRCh38,GACCTGGTCACTATTC-1
GRCh38,GACCTGGTCAGCTCTC-1
GRCh38,GACGCGTGTATCAGTC-1
GRCh38,GACGCGTTCCCAACGG-1
GRCh38,GACGCGTTCTGAAAGA-1
GRCh38,GACGGCTAGACGACGT-1
GRCh38,GACGGCTAGGGCTTCC-1
GRCh38,GACGGCTCATACGCTA-1
GRCh38,GACGGCTTCTTGAGGT-1
GRCh38,GACGTGCCAGCTTCGG-1
GRCh38,GACGTGCTCCAGTAGT-1
GRCh38,GACGTTAAGGTAAACT-1
GRCh38,GACGTTACAATGGAGC-1
GRCh38,GACGTTATCCTTTCGG-1
GRCh38,GACTAACAGACCTAGG-1
GRCh38,GACTAACCATAAAGGT-1
GRCh38,GACTAACGTACTCTCC-1
GRCh38,GACTACAGTATGAATG-1
GRCh38,GAGCAGAGTTCAGACT-1
GRCh38,GAGGTGAGTAGCCTCG-1
GRCh38,GAGGTGATCTACTATC-1
GRCh38,GAGTCCGAGTCGAGTG-1
GRCh38,GAGTCCGCAGTCGTGC-1
GRCh38,GATCAGTCATCACCCT-1
GRCh38,GATCAGTGTACCTACA-1
GRCh38,GATCAGTGTCATACTG-1
GRCh38,GATCGATAGATATACG-1
GRCh38,GATCGATCATTCGACA-1
GRCh38,GATCGATGTCGACTAT-1
GRCh38,GATCGTAAGCCATCGC-1
GRCh38,GATCGTACACTTCTGC-1
GRCh38,GATCGTATCGCGCCAA-1
GRCh38,GATCTAGGTGCAGGTA-1
GRCh38,GATCTAGGTGGCCCTA-1
GRCh38,GATGAAACAGTCCTTC-1
GRCh38,GATGAAATCACCGGGT-1
GRCh38,GATGAAATCGCCAAAT-1
GRCh38,GATGAGGCACGAAATA-1
GRCh38,GATGCTACACAAGCCC-1
GRCh38,GATGCTATCCATGAGT-1
GRCh38,GCAAACTAGGTTACCT-1
GRCh38,GCAAACTCATACGCCG-1
GRCh38,GCAATCAAGGTGATTA-1
GRCh38,GCAATCATCAACACGT-1
GRCh38,GCAATCATCCTTGCCA-1
GRCh38,GCACATAGTACCGCTG-1
GRCh38,GCACATATCTCTAAGG-1
GRCh38,GCACTCTCAGACAAGC-1
GRCh38,GCACTCTGTCTAACGT-1
GRCh38,GCAGCCAAGGGTCGAT-1
GRCh38,GCATACACATCACAAC-1
GRCh38,GCATACACATCCTAGA-1
GRCh38,GCATACACATCTCCCA-1
GRCh38,GCATGATCAATAACGA-1
GRCh38,GCATGCGAGTATTGGA-1
GRCh38,GCATGCGTCCTCCTAG-1
GRCh38,GCATGTATCGGAAACG-1
GRCh38,GCCAAATAGCGTCAAG-1
GRCh38,GCCAAATCAAGCCATT-1
GRCh38,GCCAAATCAATCGAAA-1
GRCh38,GCCAAATCACTGAAGG-1
GRCh38,GCCTCTAAGATCTGAA-1
GRCh38,GCGACCAAGAGGTTAT-1
GRCh38,GCGACCAGTCCTAGCG-1
GRCh38,GCGCAACAGCAGACTG-1
GRCh38,GCGCAGTTCCAGAGGA-1
GRCh38,GCGCCAAAGGCCATAG-1
GRCh38,GCGCCAAGTTTCCACC-1
GRCh38,GCGCGATAGACATAAC-1
GRCh38,GCGCGATGTTCCACGG-1
GRCh38,GCGGGTTAGAGACTAT-1
GRCh38,GCGGGTTAGTTGTAGA-1
GRCh38,GCGGGTTGTTCGGGCT-1
GRCh38,GCTCTGTGTAGCGTAG-1
GRCh38,GCTCTGTTCATAAAGG-1
GRCh38,GCTGCAGAGTTGAGTA-1
GRCh38,GCTGCGACAAGCCATT-1
GRCh38,GCTGCGACAGTCACTA-1
GRCh38,GCTGCGAGTGGTCTCG-1
GRCh38,GCTGCGATCAGAGCTT-1
GRCh38,GCTGCTTCAACTGCGC-1
GRCh38,GCTGCTTGTCAGAATA-1
GRCh38,GCTGGGTAGTCCCACG-1
GRCh38,GCTGGGTCACGAGGTA-1
GRCh38,GCTGGGTGTCACTGGC-1
GRCh38,GCTTCCACAAACAACA-1
GRCh38,GCTTCCACAGTATCTG-1
GRCh38,GCTTCCAGTCAGTGGA-1
GRCh38,GCTTCCATCTTTACGT-1
GRCh38,GGAAAGCCAAACCTAC-1
GRCh38,GGAAAGCCACGAGAGT-1
GRCh38,GGAAAGCTCGCCATAA-1
GRCh38,GGAACTTCAATCAGAA-1
GRCh38,GGAACTTCATCCTAGA-1
GRCh38,GGAACTTGTGGCTCCA-1
GRCh38,GGAATAAAGGTTCCTA-1
GRCh38,GGAATAACAATTGCTG-1
GRCh38,GGAATAACATTCCTGC-1
GRCh38,GGAATAAGTTAGATGA-1
GRCh38,GGAATAATCTACTCAT-1
GRCh38,GGACAAGGTAGAGTGC-1
GRCh38,GGACAAGGTGTCCTCT-1
GRCh38,GGACAAGTCATCATTC-1
GRCh38,GGACATTAGGCCCTCA-1
GRCh38,GGACATTCAGACTCGC-1
GRCh38,GGACATTGTACCGCTG-1
GRCh38,GGACGTCCAGGGATTG-1
GRCh38,GGACGTCGTCTTGCGG-1
GRCh38,GGAGCAACACCACGTG-1
GRCh38,GGATGTTAGGTAGCTG-1
GRCh38,GGATTACGTCGCTTTC-1
GRCh38,GGATTACTCCCAAGAT-1
GRCh38,GGCAATTAGATCCTGT-1
GRCh38,GGCAATTAGTGCCAGA-1
GRCh38,GGCAATTTCACATAGC-1
GRCh38,GGCAATTTCATAACCG-1
GRCh38,GGCCGATAGCACCGCT-1
GRCh38,GGCCGATAGTCCATAC-1
GRCh38,GGCGACTCAAAGGTGC-1
GRCh38,GGCGACTCACCCAGTG-1
GRCh38,GGCGTGTGTACCCAAT-1
GRCh38,GGCGTGTTCCGCAAGC-1
GRCh38,GGCTCGAGTCATCCCT-1
GRCh38,GGCTGGTAGAGTTGGC-1
GRCh38,GGCTGGTTCTAGCACA-1
GRCh38,GGGAATGAGCCACGCT-1
GRCh38,GGGAATGCAAATCCGT-1
GRCh38,GGGAATGGTTCGGCAC-1
GRCh38,GGGACCTAGTACACCT-1
GRCh38,GGGACCTCAGCTCGCA-1
GRCh38,GGGATGAAGGACATTA-1
GRCh38,GGGCACTCACGCATCG-1
GRCh38,GGGCACTCATGAAGTA-1
GRCh38,GGGTTGCAGTCTCCTC-1
GRCh38,GGGTTGCTCTGAGGGA-1
GRCh38,GGTGCGTCAGCCACCA-1
GRCh38,GGTGTTAAGCCGATTT-1
GRCh38,GGTGTTAAGGTGCTAG-1
GRCh38,GGTGTTACAACACCCG-1
GRCh38,GGTGTTACATGTTCCC-1
GRCh38,GTAACGTAGGCAAAGA-1
GRCh38,GTAACGTTCGCATGGC-1
GRCh38,GTAACTGAGTCGTACT-1
GRCh38,GTAACTGCATCAGTAC-1
GRCh38,GTAACTGCATGTAGTC-1
GRCh38,GTACGTAAGTCGTACT-1
GRCh38,GTACGTAGTACAGCAG-1
GRCh38,GTACGTAGTAGGACAC-1
GRCh38,GTACGTATCAGCGATT-1
GRCh38,GTACTTTGTACTCAAC-1
GRCh38,GTACTTTTCCTTAATC-1
GRCh38,GTAGGCCCACGCGAAA-1
GRCh38,GTAGGCCGTCCGACGT-1
GRCh38,GTAGGCCGTTCGTTGA-1
GRCh38,GTAGGCCTCCTCTAGC-1
GRCh38,GTATCTTCACGAAAGC-1
GRCh38,GTATCTTGTTGTACAC-1
GRCh38,GTATTCTCACCCATGG-1
GRCh38,GTATTCTTCTCTGCTG-1
GRCh38,GTCAAGTCAGCTCCGA-1
GRCh38,GTCACAAAGGGTCGAT-1
GRCh38,GTCACAAGTGTTCTTT-1
GRCh38,GTCACAATCGCCCTTA-1
GRCh38,GTCACGGCACCCATTC-1
GRCh38,GTCACGGCATTTGCCC-1
GRCh38,GTCACGGGTTCCAACA-1
GRCh38,GTCATTTCACGTCAGC-1
GRCh38,GTCATTTCAGCCACCA-1
GRCh38,GTCATTTGTGATAAGT-1
GRCh38,GTCATTTTCTAGAGTC-1
GRCh38,GTCCTCAGTTCAGCGC-1
GRCh38,GTCCTCAGTTTGGCGC-1
GRCh38,GTCCTCATCTCCAGGG-1
GRCh38,GTCGGGTGTGGGTCAA-1
GRCh38,GTCGTAAAGGCAAAGA-1
GRCh38,GTCGTAAGTCCTGCTT-1
GRCh38,GTCGTAATCTGGGCCA-1
GRCh38,GTCTCGTCAGGTCCAC-1
GRCh38,GTGCAGCCACCAACCG-1
GRCh38,GTGCATAAGGAGTCTG-1
GRCh38,GTGCGGTCAAGCCCAC-1
GRCh38,GTGCGGTGTAAATGTG-1
GRCh38,GTGCGGTTCCTGCTTG-1
GRCh38,GTGCTTCCAGCGTAAG-1
GRCh38,GTGCTTCGTTGGTGGA-1
GRCh38,GTGGGTCAGTGTGGCA-1
GRCh38,GTGTTAGAGAATGTTG-1
GRCh38,GTGTTAGCAGTCCTTC-1
GRCh38,GTGTTAGGTTTGCATG-1
GRCh38,GTGTTAGTCATGGTCA-1
GRCh38,GTTACAGAGTGGACGT-1
GRCh38,GTTACAGCATCTCGCT-1
GRCh38,GTTCGGGAGACTAGAT-1
GRCh38,GTTCTCGCAATAGAGT-1
GRCh38,GTTCTCGTCAATACCG-1
GRCh38,GTTCTCGTCTGATTCT-1
GRCh38,GTTTCTAAGTATCTCG-1
GRCh38,GTTTCTAAGTTCCACA-1
GRCh38,GTTTCTATCTGCAGTA-1
GRCh38,TAAACCGAGTCCCACG-1
GRCh38,TAAGAGAAGGCGCTCT-1
GRCh38,TAAGCGTAGACGACGT-1
GRCh38,TAAGTGCCACGTAAGG-1
GRCh38,TAAGTGCCAGACGCTC-1
GRCh38,TACACGATCAGCAACT-1
GRCh38,TACCTATAGCTAGGCA-1
GRCh38,TACCTATCATGCTGGC-1
GRCh38,TACCTTACACAAGCCC-1
GRCh38,TACCTTAGTCAGAAGC-1
GRCh38,TACCTTAGTGACTCAT-1
GRCh38,TACCTTAGTTCGCGAC-1
GRCh38,TACCTTATCACCAGGC-1
GRCh38,TACCTTATCTGGTATG-1
GRCh38,TACGGATAGGGCTTGA-1
GRCh38,TACGGATCACGGCCAT-1
GRCh38,TACGGATTCCAAACAC-1
GRCh38,TACGGGCAGAAACCAT-1
GRCh38,TACGGGCAGGTTCCTA-1
GRCh38,TACGGGCAGTGTACGG-1
GRCh38,TACGGGCCAATAGCGG-1
GRCh38,TACGGGCGTTAAGAAC-1
GRCh38,TACGGTATCATCTGTT-1
GRCh38,TACTCATCAAGGGTCA-1
GRCh38,TACTCATGTCCTAGCG-1
GRCh38,TACTCGCGTACAGTGG-1
GRCh38,TACTCGCTCAGGCAAG-1
GRCh38,TACTCGCTCATTGCCC-1
GRCh38,TACTTACAGCCTCGTG-1
GRCh38,TACTTGTAGATGTGGC-1
GRCh38,TACTTGTAGCTGTTCA-1
GRCh38,TACTTGTAGTTGTCGT-1
GRCh38,TACTTGTTCATCGGAT-1
GRCh38,TAGACCAAGATCTGCT-1
GRCh38,TAGACCAGTGTGAATA-1
GRCh38,TAGAGCTCAGGGTTAG-1
GRCh38,TAGAGCTGTCAGAGGT-1
GRCh38,TAGAGCTGTTCGAATC-1
GRCh38,TAGAGCTTCCTACAGA-1
GRCh38,TAGCCGGCACTAAGTC-1
GRCh38,TAGCCGGTCCGAGCCA-1
GRCh38,TAGGCATAGTAACCCT-1
GRCh38,TAGTGGTGTCCGAATT-1
GRCh38,TAGTGGTGTGACAAAT-1
GRCh38,TAGTTGGCACCACCAG-1
GRCh38,TAGTTGGTCTGATACG-1
GRCh38,TATCAGGCAAGCCGTC-1
GRCh38,TATCAGGGTTATCACG-1
GRCh38,TATCTCAGTCCGACGT-1
GRCh38,TATGCCCAGACCACGA-1
GRCh38,TATGCCCTCTTGCATT-1
GRCh38,TATTACCAGCTATGCT-1
GRCh38,TATTACCCAGACGCTC-1
GRCh38,TATTACCTCCGAAGAG-1
GRCh38,TCAACGAGTTACGTCA-1
GRCh38,TCAATCTAGGGCTCTC-1
GRCh38,TCACAAGAGGGCTCTC-1
GRCh38,TCACAAGAGTCGCCGT-1
GRCh38,TCACAAGAGTTCCACA-1
GRCh38,TCACAAGTCAGCAACT-1
GRCh38,TCACGAACACATGACT-1
GRCh38,TCACGAATCAGCTCGG-1
GRCh38,TCAGATGTCGGTTAAC-1
GRCh38,TCAGATGTCGTCTGCT-1
GRCh38,TCAGCAATCACGGTTA-1
GRCh38,TCAGCTCCAGACTCGC-1
GRCh38,TCAGCTCTCGCCAGCA-1
GRCh38,TCAGGATAGCACAGGT-1
GRCh38,TCAGGATAGCGTGAGT-1
GRCh38,TCAGGATGTCTGGAGA-1
GRCh38,TCAGGTAAGCCTATGT-1
GRCh38,TCAGGTAGTAAGTGGC-1
GRCh38,TCAGGTATCATAAAGG-1
GRCh38,TCATTACGTCTAGCCG-1
GRCh38,TCATTTGAGACAGACC-1
GRCh38,TCATTTGTCCTTAATC-1
GRCh38,TCCACACAGTGGGCTA-1
GRCh38,TCCACACTCATTGCCC-1
GRCh38,TCCCGATAGACGCACA-1
GRCh38,TCGAGGCAGGCTATCT-1
GRCh38,TCGAGGCAGTTCGCAT-1
GRCh38,TCGAGGCCAAGGTTTC-1
GRCh38,TCGAGGCGTAGCGATG-1
GRCh38,TCGAGGCGTATCTGCA-1
GRCh38,TCGAGGCTCGTTTATC-1
GRCh38,TCGCGAGAGGTGGGTT-1
GRCh38,TCGCGAGCACGGCTAC-1
GRCh38,TCGCGTTTCCTTGCCA-1
GRCh38,TCGCGTTTCTAACTTC-1
GRCh38,TCGGTAACAGCGTAAG-1
GRCh38,TCGTACCAGGCTAGGT-1
GRCh38,TCGTACCGTGACGCCT-1
GRCh38,TCGTAGACATACAGCT-1
GRCh38,TCGTAGATCACCCGAG-1
GRCh38,TCGTAGATCGAATGCT-1
GRCh38,TCGTAGATCGGCTACG-1
GRCh38,TCTATTGTCATGCATG-1
GRCh38,TCTCATAAGGCGCTCT-1
GRCh38,TCTCATATCTGTACGA-1
GRCh38,TCTCTAAAGGTAGCCA-1
GRCh38,TCTCTAACAAATCCGT-1
GRCh38,TCTCTAAGTTGAGTTC-1
GRCh38,TCTGAGACATGCCACG-1
GRCh38,TCTGAGAGTTTAAGCC-1
GRCh38,TCTGGAAGTTCTGTTT-1
GRCh38,TCTTCGGAGCTGATAA-1
GRCh38,TCTTCGGTCCTTTACA-1
GRCh38,TCTTCGGTCTCCCTGA-1
GRCh38,TCTTTCCTCTTGGGTA-1
GRCh38,TGAAAGAAGGCATTGG-1
GRCh38,TGACAACTCGTCCAGG-1
GRCh38,TGACGGCAGAGAGCTC-1
GRCh38,TGACGGCAGCCTATGT-1
GRCh38,TGACTAGCAATCGAAA-1
GRCh38,TGACTTTCAACCGCCA-1
GRCh38,TGACTTTCATCCGGGT-1
GRCh38,TGACTTTCATCGATGT-1
GRCh38,TGACTTTGTATGCTTG-1
GRCh38,TGAGAGGAGGAGTTTA-1
GRCh38,TGAGCATGTTGACGTT-1
GRCh38,TGAGCCGTCAACGAAA-1
GRCh38,TGAGGGACATGCATGT-1
GRCh38,TGAGGGAGTGTCAATC-1
GRCh38,TGATTTCTCAACACTG-1
GRCh38,TGCACCTCATTAGGCT-1
GRCh38,TGCACCTGTTGTGGAG-1
GRCh38,TGCCAAACATGCTGGC-1
GRCh38,TGCCCATAGAATGTGT-1
GRCh38,TGCCCATAGGTGTGGT-1
GRCh38,TGCCCATAGTACACCT-1
GRCh38,TGCCCATTCAGGATCT-1
GRCh38,TGCCCTAAGCACCGTC-1
GRCh38,TGCCCTAAGCGCCTCA-1
GRCh38,TGCGCAGCAGATGGGT-1
GRCh38,TGCGCAGCAGCTGTTA-1
GRCh38,TGCGCAGTCAACGCTA-1
GRCh38,TGCGCAGTCAGGCAAG-1
GRCh38,TGCGCAGTCCTGTACC-1
GRCh38,TGCGGGTAGATGTAAC-1
GRCh38,TGCGGGTAGGCACATG-1
GRCh38,TGCGGGTAGTCGATAA-1
GRCh38,TGCGTGGAGCCCAGCT-1
GRCh38,TGCGTGGCAGGGTATG-1
GRCh38,TGCGTGGTCTTCCTTC-1
GRCh38,TGCTACCCAACTTGAC-1
GRCh38,TGCTACCCATGGTCAT-1
GRCh38,TGGACGCAGCTAGTGG-1
GRCh38,TGGACGCTCTACTTAC-1
GRCh38,TGGCCAGCATCACCCT-1
GRCh38,TGGCCAGCATCTACGA-1
GRCh38,TGGCCAGGTTTGGCGC-1
GRCh38,TGGCGCATCACAAACC-1
GRCh38,TGGCTGGAGAGTGAGA-1
GRCh38,TGGGAAGAGTGTTTGC-1
GRCh38,TGGGAAGCATTTGCCC-1
GRCh38,TGGGAAGGTTAAGACA-1
GRCh38,TGGGCGTGTTCGTTGA-1
GRCh38,TGGTTAGAGTAGCCGA-1
GRCh38,TGGTTCCAGAGACGAA-1
GRCh38,TGGTTCCAGAGTCTGG-1
GRCh38,TGGTTCCAGGTCATCT-1
GRCh38,TGGTTCCGTTGGTAAA-1
GRCh38,TGTATTCAGAGTAAGG-1
GRCh38,TGTATTCCAAGCCCAC-1
GRCh38,TGTATTCCAGGCAGTA-1
GRCh38,TGTATTCGTAACGCGA-1
GRCh38,TGTATTCGTGCACTTA-1
GRCh38,TGTATTCTCCTAGTGA-1
GRCh38,TGTATTCTCTGTCCGT-1
GRCh38,TGTCCCACACCTGGTG-1
GRCh38,TGTCCCACATGATCCA-1
GRCh38,TGTGGTATCCTTTCGG-1
GRCh38,TGTGTTTTCAGTGTTG-1
GRCh38,TGTTCCGGTTAGAACA-1
GRCh38,TGTTCCGTCACCTTAT-1
GRCh38,TGTTCCGTCTTTAGGG-1
GRCh38,TTAACTCCATGCAATC-1
GRCh38,TTAACTCGTAAGAGAG-1
GRCh38,TTAGGACGTCATCGGC-1
GRCh38,TTAGTTCGTCTAACGT-1
GRCh38,TTATGCTAGGCTCTTA-1
GRCh38,TTCCCAGAGTACATGA-1
GRCh38,TTCCCAGGTGGAAAGA-1
GRCh38,TTCCCAGGTTTGACTG-1
GRCh38,TTCCCAGTCTGAAAGA-1
GRCh38,TTCGAAGTCTTATCTG-1
GRCh38,TTCTACAAGACAATAC-1
GRCh38,TTCTACATCCACGACG-1
GRCh38,TTCTACATCTTACCTA-1
GRCh38,TTCTCAAAGACCTTTG-1
GRCh38,TTCTCAATCTCTAAGG-1
GRCh38,TTCTCCTGTGACTCAT-1
GRCh38,TTCTCCTTCTAACTTC-1
GRCh38,TTCTTAGAGGATATAC-1
GRCh38,TTCTTAGAGTTAAGTG-1
GRCh38,TTCTTAGCATGCCTTC-1
GRCh38,TTCTTAGTCGCCGTGA-1
GRCh38,TTCTTAGTCTTAACCT-1
GRCh38,TTGAACGAGTTCGATC-1
GRCh38,TTGACTTTCGTAGGAG-1
GRCh38,TTGCCGTAGAATGTGT-1
GRCh38,TTGCGTCCATGACATC-1
GRCh38,TTGCGTCGTAGGAGTC-1
GRCh38,TTGCGTCTCTTCCTTC-1
GRCh38,TTGGCAACACCTATCC-1
GRCh38,TTGGCAACATATACGC-1
GRCh38,TTGTAGGTCGCCTGAG-1
GRCh38,TTTACTGAGCTACCGC-1
GRCh38,TTTACTGCACGAAATA-1
GRCh38,TTTACTGGTTAAGACA-1
GRCh38,TTTATGCCATCATCCC-1
GRCh38,TTTATGCTCCACGTGG-1
GRCh38,TTTCCTCCAATGAATG-1
GRCh38,TTTCCTCCACACGCTG-1
GRCh38,TTTCCTCTCCGAACGC-1
GRCh38,TTTCCTCTCCGGCACA-1
GRCh38,TTTCCTCTCCTTAATC-1
GRCh38,TTTGCGCAGGAGTTGC-1
GRCh38,TTTGCGCTCCACTCCA-1
GRCh38,TTTGGTTTCAACGAAA-1
GRCh38,TTTGGTTTCTGAGGGA-1
GRCh38,TTTGTCAAGCCCAATT-1
GRCh38,TTTGTCAAGTCTCAAC-1
GRCh38,TTTGTCATCGCAAACT-1
